use Bank;
#inserting data in tables
SELECT* FROM BANKBRANCH;
insert into BANKBRANCH (BranchNumber, OfficeNumber, City) values (1, '2 Talisman Street', 'Pecka');
insert into BANKBRANCH (BranchNumber, OfficeNumber, City) values (2, '3214 Arapahoe Circle', 'Wan’an');
insert into BANKBRANCH (BranchNumber, OfficeNumber, City) values (3, '16224 Mandrake Lane', 'Bylym');
insert into BANKBRANCH (BranchNumber, OfficeNumber, City) values (4, '42437 Veith Park', 'Shiogama');
insert into BANKBRANCH (BranchNumber, OfficeNumber, City) values (5, '81 Schiller Avenue', 'Debelets');
insert into BANKBRANCH (BranchNumber, OfficeNumber, City) values (6, '9444 Pierstorff Trail', 'Silva Jardim');
insert into BANKBRANCH (BranchNumber, OfficeNumber, City) values (7, '198 Lien Terrace', 'Kute');
insert into BANKBRANCH (BranchNumber, OfficeNumber, City) values (8, '173 Loftsgordon Point', 'Borkowice');
insert into BANKBRANCH (BranchNumber, OfficeNumber, City) values (9, '487 International Drive', 'Arlington');
insert into BANKBRANCH (BranchNumber, OfficeNumber, City) values (10, '4 Golf View Street', 'Labytnangi');
insert into BANKBRANCH (BranchNumber, OfficeNumber, City) values (11, '93748 Kingsford Parkway', 'Jardim do Seridó');
insert into BANKBRANCH (BranchNumber, OfficeNumber, City) values (12, '27 Hagan Parkway', 'Liliba');
insert into BANKBRANCH (BranchNumber, OfficeNumber, City) values (13, '209 Mesta Street', 'Nor Yerznka');
insert into BANKBRANCH (BranchNumber, OfficeNumber, City) values (14, '55 New Castle Alley', 'Beiyuan');
insert into BANKBRANCH (BranchNumber, OfficeNumber, City) values (15, '4 Annamark Place', 'Estevan');
insert into BANKBRANCH (BranchNumber, OfficeNumber, City) values (16, '238 Sunbrook Avenue', 'Nanxinxiang');
insert into BANKBRANCH (BranchNumber, OfficeNumber, City) values (17, '59 Kedzie Place', 'Nanmen');
insert into BANKBRANCH (BranchNumber, OfficeNumber, City) values (18, '0586 Eagle Crest Park', 'Wiślica');
insert into BANKBRANCH (BranchNumber, OfficeNumber, City) values (19, '992 Daystar Point', 'Lingshan');
insert into BANKBRANCH (BranchNumber, OfficeNumber, City) values (20, '17111 Wayridge Junction', 'Mensalong');
ALTER TABLE BANKBRANCH ADD PRIMARY KEY (BranchNumber);

insert into CUSTOMER (AadharNumber, PhoneNumber, DateofBirth, Name, HouseNumber, City) values ('8578-6045-1661', '+242 855 386 7277', '1969-12-07', 'Jean Canto', '111 Acker Circle', 'Yug');
insert into CUSTOMER (AadharNumber, PhoneNumber, DateofBirth, Name, HouseNumber, City) values ('3827-9175-7019', '+81 113 111 4654', '1990-01-13', 'Wilbur Gritland', '4040 Elmside Avenue', 'Águia Branca');
insert into CUSTOMER (AadharNumber, PhoneNumber, DateofBirth, Name, HouseNumber, City) values ('7701-8673-2639', '+52 502 418 1683', '1998-06-17', 'Gustavus Jaggard', '14533 Graceland Park', 'Chengqu');
insert into CUSTOMER (AadharNumber, PhoneNumber, DateofBirth, Name, HouseNumber, City) values ('3538-9098-9490', '+86 845 851 4320', '2016-12-21', 'Zacharias Costello', '99942 Anhalt Terrace', 'Yeniköy');
insert into CUSTOMER (AadharNumber, PhoneNumber, DateofBirth, Name, HouseNumber, City) values ('3700-4525-6311', '+55 491 763 3419', '1972-11-08', 'Oralia Swyer', '99 Stuart Center', 'Victoria');
insert into CUSTOMER (AadharNumber, PhoneNumber, DateofBirth, Name, HouseNumber, City) values ('5589-9815-6742', '+351 436 675 6535', '1999-07-30', 'Cole Chippindale', '7419 Kennedy Hill', 'Sonlit');
insert into CUSTOMER (AadharNumber, PhoneNumber, DateofBirth, Name, HouseNumber, City) values ('0488-9110-5456', '+1 915 984 9577', '1994-03-17', 'Arel Yellowlea', '3921 Esch Junction', 'To’rtko’l Shahri');
insert into CUSTOMER (AadharNumber, PhoneNumber, DateofBirth, Name, HouseNumber, City) values ('9355-6661-0782', '+86 791 953 1923', '1961-11-30', 'Tam Taaffe', '7459 Arkansas Junction', 'Bluri');
insert into CUSTOMER (AadharNumber, PhoneNumber, DateofBirth, Name, HouseNumber, City) values ('0170-5512-4157', '+86 528 320 3442', '1946-11-05', 'Lanni Sperling', '6 David Terrace', 'Chepareria');
insert into CUSTOMER (AadharNumber, PhoneNumber, DateofBirth, Name, HouseNumber, City) values ('9474-2470-1364', '+86 459 191 9643', '1949-08-05', 'Hewett Bompass', '37 Comanche Road', 'Almeria');
insert into CUSTOMER (AadharNumber, PhoneNumber, DateofBirth, Name, HouseNumber, City) values ('2916-6143-1155', '+62 656 605 5512', '1953-03-28', 'Carrissa Ibeson', '03278 Del Mar Park', 'Kayan Hulu');
insert into CUSTOMER (AadharNumber, PhoneNumber, DateofBirth, Name, HouseNumber, City) values ('5513-3225-8629', '+62 627 678 8548', '2012-05-17', 'Hammad Rentalll', '6845 Hansons Hill', 'Niandou');
insert into CUSTOMER (AadharNumber, PhoneNumber, DateofBirth, Name, HouseNumber, City) values ('7525-1086-3101', '+27 895 108 5919', '1925-07-17', 'Chrissy Desseine', '5 Mosinee Pass', 'Makabe');
insert into CUSTOMER (AadharNumber, PhoneNumber, DateofBirth, Name, HouseNumber, City) values ('7660-1647-2043', '+33 328 558 1015', '1968-12-21', 'Hallsy Rambadt', '66 Pepper Wood Avenue', 'Bamban');
insert into CUSTOMER (AadharNumber, PhoneNumber, DateofBirth, Name, HouseNumber, City) values ('3160-3278-0988', '+1 423 176 4973', '1972-03-20', 'Marga Wheelton', '304 Buell Street', 'Gucheng');
insert into CUSTOMER (AadharNumber, PhoneNumber, DateofBirth, Name, HouseNumber, City) values ('8146-0304-4346', '+66 852 630 7520', '1986-12-13', 'Alexi Muzzlewhite', '777 Mendota Alley', 'Lucerna');
insert into CUSTOMER (AadharNumber, PhoneNumber, DateofBirth, Name, HouseNumber, City) values ('4029-7787-1631', '+86 260 884 0249', '1948-12-04', 'Teddi Buckingham', '81337 Crescent Oaks Plaza', 'Gobojango');
insert into CUSTOMER (AadharNumber, PhoneNumber, DateofBirth, Name, HouseNumber, City) values ('2131-2254-5880', '+228 926 704 0207', '1940-06-07', 'Talyah Battill', '4920 Kropf Road', 'Dolní Dvořiště');
insert into CUSTOMER (AadharNumber, PhoneNumber, DateofBirth, Name, HouseNumber, City) values ('6161-9869-4952', '+86 580 584 7695', '1924-08-31', 'Jodee Maddison', '3961 Coolidge Crossing', 'Rengo');
insert into CUSTOMER (AadharNumber, PhoneNumber, DateofBirth, Name, HouseNumber, City) values ('5138-7085-9727', '+92 488 517 4414', '1942-06-15', 'Sheilah De Vries', '8 Hintze Avenue', 'Cinangsih Satu');
insert into CUSTOMER (AadharNumber, PhoneNumber, DateofBirth, Name, HouseNumber, City) values ('5947-3981-2808', '+56 637 191 9976', '1999-01-19', 'Sybille Villa', '95397 Thierer Way', 'Yeniköy');
insert into CUSTOMER (AadharNumber, PhoneNumber, DateofBirth, Name, HouseNumber, City) values ('5377-7780-4905', '+212 478 177 7235', '1923-01-26', 'Robin Hutt', '90461 Mendota Road', 'Chepareria');
insert into CUSTOMER (AadharNumber, PhoneNumber, DateofBirth, Name, HouseNumber, City) values ('6538-3226-5531', '+235 876 560 5021', '1915-12-28', 'Merv Anstie', '77105 Springs Terrace', 'To’rtko’l Shahri');
insert into CUSTOMER (AadharNumber, PhoneNumber, DateofBirth, Name, HouseNumber, City) values ('2043-3876-1178', '+84 214 619 6074', '2000-02-02', 'Ricky Conlaund', '14883 Grayhawk Court', 'Lucerna');
insert into CUSTOMER (AadharNumber, PhoneNumber, DateofBirth, Name, HouseNumber, City) values ('8290-3029-7558', '+86 636 866 9530', '1926-07-09', 'Dione Peakman', '67715 Burning Wood Park', 'Gucheng');
insert into CUSTOMER (AadharNumber, PhoneNumber, DateofBirth, Name, HouseNumber, City) values ('2313-7088-9573', '+86 388 174 7545', '1951-04-11', 'Ashlie Loveless', '41565 Fuller Point', 'Bluri');
insert into CUSTOMER (AadharNumber, PhoneNumber, DateofBirth, Name, HouseNumber, City) values ('0522-1052-0575', '+62 452 904 3055', '1992-01-12', 'Emera Cutmore', '15818 Corry Court', 'Yug');
insert into CUSTOMER (AadharNumber, PhoneNumber, DateofBirth, Name, HouseNumber, City) values ('3012-0818-3950', '+46 280 319 7702', '1957-09-15', 'Leola Farbrace', '2472 Donald Park', 'Sonlit');
insert into CUSTOMER (AadharNumber, PhoneNumber, DateofBirth, Name, HouseNumber, City) values ('1807-3072-5697', '+62 669 434 2330', '2009-12-14', 'Roch Koba', '66 Anzinger Alley', 'Niandou');
insert into CUSTOMER (AadharNumber, PhoneNumber, DateofBirth, Name, HouseNumber, City) values ('4421-6471-6019', '+234 323 859 4313', '1916-01-26', 'Cindra Lumsdon', '719 Northfield Crossing', 'Victoria');
insert into CUSTOMER (AadharNumber, PhoneNumber, DateofBirth, Name, HouseNumber, City) values ('3632-1550-3415', '+212 870 625 7539', '1994-07-04', 'Mercie Edden', '38 Maple Wood Drive', 'Rengo');
insert into CUSTOMER (AadharNumber, PhoneNumber, DateofBirth, Name, HouseNumber, City) values ('3156-4424-3556', '+51 873 841 9139', '1956-03-08', 'Violetta Beart', '723 Hooker Trail', 'Bamban');
insert into CUSTOMER (AadharNumber, PhoneNumber, DateofBirth, Name, HouseNumber, City) values ('0182-7889-4226', '+385 850 758 5315', '2001-10-29', 'Gerald Yusupov', '79862 Sage Way', 'Águia Branca');
insert into CUSTOMER (AadharNumber, PhoneNumber, DateofBirth, Name, HouseNumber, City) values ('2337-1896-4024', '+380 718 821 6154', '1927-11-14', 'Elisha Pelosi', '4136 Sachs Circle', 'Makabe');
insert into CUSTOMER (AadharNumber, PhoneNumber, DateofBirth, Name, HouseNumber, City) values ('8419-7223-5904', '+7 410 731 2590', '1984-01-29', 'Denver Pagan', '8 Trailsway Road', 'Cinangsih Satu');
insert into CUSTOMER (AadharNumber, PhoneNumber, DateofBirth, Name, HouseNumber, City) values ('3149-1655-9542', '+63 487 298 7719', '1988-01-10', 'Gunther Rainger', '6711 Sutteridge Trail', 'Almeria');
insert into CUSTOMER (AadharNumber, PhoneNumber, DateofBirth, Name, HouseNumber, City) values ('1983-2713-2408', '+358 648 809 9092', '1923-09-18', 'Margalo Elldred', '473 Chinook Junction', 'Kayan Hulu');
insert into CUSTOMER (AadharNumber, PhoneNumber, DateofBirth, Name, HouseNumber, City) values ('2375-0445-5086', '+33 761 181 7820', '1988-09-25', 'Leodora Soares', '952 Hagan Point', 'Chengqu');
insert into CUSTOMER (AadharNumber, PhoneNumber, DateofBirth, Name, HouseNumber, City) values ('7476-7240-6257', '+62 446 721 5602', '1933-10-28', 'Kati Keen', '293 Lillian Point', 'Dolní Dvořiště');
insert into CUSTOMER (AadharNumber, PhoneNumber, DateofBirth, Name, HouseNumber, City) values ('0485-9602-6248', '+86 983 906 7491', '2000-08-12', 'Zak Budleigh', '8001 Everett Park', 'Gobojango');
insert into CUSTOMER (AadharNumber, PhoneNumber, DateofBirth, Name, HouseNumber, City) values ('8719-3092-7385', '+57 132 204 3342', '1962-09-11', 'Yurik Bantick', '0 Waxwing Court', 'Kayan Hulu');
insert into CUSTOMER (AadharNumber, PhoneNumber, DateofBirth, Name, HouseNumber, City) values ('5057-5322-1188', '+420 412 945 0648', '1990-07-08', 'Dana Putten', '6 Summer Ridge Circle', 'Chepareria');
insert into CUSTOMER (AadharNumber, PhoneNumber, DateofBirth, Name, HouseNumber, City) values ('4966-7562-4070', '+375 764 759 5616', '2004-06-03', 'Jocelyne Leadstone', '62937 Dovetail Junction', 'Makabe');
insert into CUSTOMER (AadharNumber, PhoneNumber, DateofBirth, Name, HouseNumber, City) values ('4174-7250-3095', '+33 690 444 4310', '1997-01-01', 'Debor Wagstaff', '4 Morning Crossing', 'Victoria');
insert into CUSTOMER (AadharNumber, PhoneNumber, DateofBirth, Name, HouseNumber, City) values ('0683-9093-7706', '+30 451 654 6175', '1980-07-20', 'Ardene Charlton', '2 Weeping Birch Place', 'Gucheng');
insert into CUSTOMER (AadharNumber, PhoneNumber, DateofBirth, Name, HouseNumber, City) values ('0171-3393-2969', '+351 648 729 4640', '1948-03-28', 'Herb Broadbent', '20 Canary Circle', 'Chengqu');
insert into CUSTOMER (AadharNumber, PhoneNumber, DateofBirth, Name, HouseNumber, City) values ('5270-0225-7750', '+351 672 668 0753', '1958-01-06', 'Rey Gallen', '938 Dayton Plaza', 'Gobojango');
insert into CUSTOMER (AadharNumber, PhoneNumber, DateofBirth, Name, HouseNumber, City) values ('0950-1615-0660', '+62 618 341 0302', '1951-10-05', 'Jesse Benallack', '0 7th Park', 'To’rtko’l Shahri');
insert into CUSTOMER (AadharNumber, PhoneNumber, DateofBirth, Name, HouseNumber, City) values ('8820-0197-1466', '+46 801 192 9296', '1983-04-03', 'Joe Satcher', '716 Oneill Plaza', 'Cinangsih Satu');
insert into CUSTOMER (AadharNumber, PhoneNumber, DateofBirth, Name, HouseNumber, City) values ('6581-8521-4663', '+63 398 616 6479', '2006-05-06', 'Sybilla Milham', '37 Toban Park', 'Bamban');
insert into CUSTOMER (AadharNumber, PhoneNumber, DateofBirth, Name, HouseNumber, City) values ('5572-2381-1317', '+383 678 486 1009', '1981-11-15', 'Andreas Petruskevich', '8 Tennyson Point', 'Yeniköy');
insert into CUSTOMER (AadharNumber, PhoneNumber, DateofBirth, Name, HouseNumber, City) values ('5356-5307-0412', '+63 523 889 7546', '1970-11-17', 'Stephanie Prise', '476 Meadow Valley Plaza', 'Yug');
insert into CUSTOMER (AadharNumber, PhoneNumber, DateofBirth, Name, HouseNumber, City) values ('6227-2474-5891', '+86 596 707 2737', '1939-02-26', 'Orville Deschelle', '81488 Hooker Drive', 'Águia Branca');
insert into CUSTOMER (AadharNumber, PhoneNumber, DateofBirth, Name, HouseNumber, City) values ('2822-9145-5943', '+7 658 199 2510', '1981-12-17', 'Conn Omand', '5095 South Avenue', 'Sonlit');
insert into CUSTOMER (AadharNumber, PhoneNumber, DateofBirth, Name, HouseNumber, City) values ('5259-3416-0630', '+86 174 494 0274', '1921-06-15', 'Jillana Hornung', '2172 Oneill Court', 'Lucerna');
insert into CUSTOMER (AadharNumber, PhoneNumber, DateofBirth, Name, HouseNumber, City) values ('6270-1096-4714', '+81 746 922 3165', '1982-02-19', 'Michel Innott', '4708 Oakridge Parkway', 'Almeria');
insert into CUSTOMER (AadharNumber, PhoneNumber, DateofBirth, Name, HouseNumber, City) values ('7560-0906-4949', '+31 390 748 5620', '1943-01-07', 'Warde Esson', '0284 Vera Terrace', 'Rengo');
insert into CUSTOMER (AadharNumber, PhoneNumber, DateofBirth, Name, HouseNumber, City) values ('6861-1717-0655', '+63 951 840 2692', '1945-01-24', 'Delphine Brelsford', '2362 Luster Terrace', 'Niandou');
insert into CUSTOMER (AadharNumber, PhoneNumber, DateofBirth, Name, HouseNumber, City) values ('8559-4488-2669', '+48 763 713 7519', '1978-01-10', 'Tatiania Fagge', '5 Tomscot Avenue', 'Bluri');
insert into CUSTOMER (AadharNumber, PhoneNumber, DateofBirth, Name, HouseNumber, City) values ('6972-4161-4241', '+255 246 340 1003', '1941-04-02', 'Bliss Gateland', '6 Amoth Way', 'Dolní Dvořiště');
insert into CUSTOMER (AadharNumber, PhoneNumber, DateofBirth, Name, HouseNumber, City) values ('3945-4356-3304', '+967 113 174 8721', '1996-01-14', 'Lind Beckers', '846 Debs Road', 'Kayan Hulu');
insert into CUSTOMER (AadharNumber, PhoneNumber, DateofBirth, Name, HouseNumber, City) values ('1482-8483-7246', '+62 351 123 7840', '1945-04-23', 'Melinde Feeney', '58 Everett Place', 'Yeniköy');
insert into CUSTOMER (AadharNumber, PhoneNumber, DateofBirth, Name, HouseNumber, City) values ('4328-4494-4111', '+507 115 390 6138', '1982-02-10', 'Julie Follett', '9836 Quincy Terrace', 'Lucerna');
insert into CUSTOMER (AadharNumber, PhoneNumber, DateofBirth, Name, HouseNumber, City) values ('9114-6183-2516', '+48 431 650 2914', '2010-11-11', 'Filmore Dumbleton', '9 Ryan Plaza', 'Bamban');
insert into CUSTOMER (AadharNumber, PhoneNumber, DateofBirth, Name, HouseNumber, City) values ('8482-6235-2555', '+86 914 483 0357', '1962-09-07', 'Latrina Cluff', '80521 Jay Street', 'Águia Branca');
insert into CUSTOMER (AadharNumber, PhoneNumber, DateofBirth, Name, HouseNumber, City) values ('3803-1905-8888', '+254 970 989 7618', '1925-02-03', 'Debora Pickles', '845 Butternut Junction', 'Rengo');
insert into CUSTOMER (AadharNumber, PhoneNumber, DateofBirth, Name, HouseNumber, City) values ('4903-2410-8371', '+52 242 570 3340', '2007-06-13', 'Linus Towndrow', '181 Fulton Park', 'Niandou');
insert into CUSTOMER (AadharNumber, PhoneNumber, DateofBirth, Name, HouseNumber, City) values ('2695-5945-7970', '+86 657 330 5134', '1940-11-17', 'Jo ann Oloshkin', '611 Knutson Street', 'Yug');
insert into CUSTOMER (AadharNumber, PhoneNumber, DateofBirth, Name, HouseNumber, City) values ('9524-5278-4123', '+255 286 553 7782', '2001-10-11', 'Waring Gray', '25 Cordelia Pass', 'Gobojango');
insert into CUSTOMER (AadharNumber, PhoneNumber, DateofBirth, Name, HouseNumber, City) values ('6321-0225-5209', '+994 299 851 3794', '2018-12-07', 'Stormi Temprell', '9848 North Way', 'Chengqu');
insert into CUSTOMER (AadharNumber, PhoneNumber, DateofBirth, Name, HouseNumber, City) values ('7224-0038-4502', '+86 360 178 7030', '2013-06-16', 'Filmore Bierling', '6873 Russell Center', 'Cinangsih Satu');
insert into CUSTOMER (AadharNumber, PhoneNumber, DateofBirth, Name, HouseNumber, City) values ('5317-3022-5250', '+86 832 170 1746', '2004-09-22', 'Ruperta Zumbusch', '534 Forest Dale Parkway', 'Sonlit');
insert into CUSTOMER (AadharNumber, PhoneNumber, DateofBirth, Name, HouseNumber, City) values ('0176-6933-7158', '+1 835 316 7611', '1991-04-05', 'Kalie Machan', '33344 Heath Hill', 'Chepareria');
insert into CUSTOMER (AadharNumber, PhoneNumber, DateofBirth, Name, HouseNumber, City) values ('5275-2233-4860', '+27 937 192 9451', '1995-05-22', 'Maggie Browne', '581 Burrows Drive', 'Dolní Dvořiště');
insert into CUSTOMER (AadharNumber, PhoneNumber, DateofBirth, Name, HouseNumber, City) values ('4245-8694-4258', '+232 442 990 2680', '2017-05-17', 'Ardra McCarron', '810 Graceland Trail', 'Almeria');
insert into CUSTOMER (AadharNumber, PhoneNumber, DateofBirth, Name, HouseNumber, City) values ('2227-9911-9278', '+84 376 785 5894', '2012-07-21', 'Hilary Demange', '215 Marcy Court', 'Makabe');
insert into CUSTOMER (AadharNumber, PhoneNumber, DateofBirth, Name, HouseNumber, City) values ('4885-3844-0043', '+86 933 659 3920', '1980-04-25', 'Esther Knewstubb', '4184 Victoria Center', 'Victoria');
insert into CUSTOMER (AadharNumber, PhoneNumber, DateofBirth, Name, HouseNumber, City) values ('5774-6941-3748', '+62 487 313 5981', '1977-08-05', 'Dalton Bovaird', '5970 Fair Oaks Avenue', 'Gucheng');
insert into CUSTOMER (AadharNumber, PhoneNumber, DateofBirth, Name, HouseNumber, City) values ('5584-0842-9059', '+81 403 298 9766', '1988-12-02', 'Theodor Siddens', '3137 Springview Street', 'Bluri');
insert into CUSTOMER (AadharNumber, PhoneNumber, DateofBirth, Name, HouseNumber, City) values ('8884-6163-8428', '+54 976 202 0818', '1917-06-14', 'Rivalee Peirson', '208 Fremont Parkway', 'To’rtko’l Shahri');
insert into CUSTOMER (AadharNumber, PhoneNumber, DateofBirth, Name, HouseNumber, City) values ('4892-5262-4965', '+33 690 808 2831', '1930-03-06', 'Antonin Cotherill', '0586 Golf Hill', 'Makabe');
insert into CUSTOMER (AadharNumber, PhoneNumber, DateofBirth, Name, HouseNumber, City) values ('0677-9067-0811', '+351 752 265 7478', '1961-11-03', 'Gerta Bambrugh', '3 Sachtjen Center', 'Niandou');
insert into CUSTOMER (AadharNumber, PhoneNumber, DateofBirth, Name, HouseNumber, City) values ('2267-6622-3253', '+81 748 676 8640', '1966-10-13', 'Ezekiel Troillet', '5913 Golf Street', 'Victoria');
insert into CUSTOMER (AadharNumber, PhoneNumber, DateofBirth, Name, HouseNumber, City) values ('3592-9752-4156', '+48 586 937 9421', '1925-12-08', 'Jeremie Lassetter', '7 Duke Alley', 'Bamban');
insert into CUSTOMER (AadharNumber, PhoneNumber, DateofBirth, Name, HouseNumber, City) values ('5598-1054-3576', '+81 333 234 4055', '1970-03-14', 'Dalila Hulk', '18960 Scoville Crossing', 'Gucheng');
insert into CUSTOMER (AadharNumber, PhoneNumber, DateofBirth, Name, HouseNumber, City) values ('9314-0616-2902', '+33 585 237 5136', '1999-08-28', 'Davita Katt', '03172 Washington Alley', 'Rengo');
insert into CUSTOMER (AadharNumber, PhoneNumber, DateofBirth, Name, HouseNumber, City) values ('8313-7654-2909', '+62 824 228 6838', '1991-04-30', 'Kally Ruslen', '90 Hoffman Plaza', 'Dolní Dvořiště');
insert into CUSTOMER (AadharNumber, PhoneNumber, DateofBirth, Name, HouseNumber, City) values ('6594-2881-2558', '+1 722 497 1147', '1949-08-19', 'Inger Christian', '18 Loftsgordon Road', 'Lucerna');
insert into CUSTOMER (AadharNumber, PhoneNumber, DateofBirth, Name, HouseNumber, City) values ('8964-6779-8455', '+30 636 601 1740', '1985-01-02', 'Correy Lovatt', '70654 Sage Drive', 'Yeniköy');
insert into CUSTOMER (AadharNumber, PhoneNumber, DateofBirth, Name, HouseNumber, City) values ('3449-6034-5461', '+506 316 731 9735', '2020-02-13', 'Elisa Heliet', '529 Clarendon Hill', 'Sonlit');
insert into CUSTOMER (AadharNumber, PhoneNumber, DateofBirth, Name, HouseNumber, City) values ('1239-9825-8586', '+48 192 185 5498', '1974-02-06', 'Persis Boshers', '31167 Mccormick Parkway', 'Bluri');
insert into CUSTOMER (AadharNumber, PhoneNumber, DateofBirth, Name, HouseNumber, City) values ('6217-9126-6061', '+255 552 295 3180', '1946-04-09', 'Dyanne Matyja', '01 Merrick Place', 'Chepareria');
insert into CUSTOMER (AadharNumber, PhoneNumber, DateofBirth, Name, HouseNumber, City) values ('8773-1461-1289', '+64 856 122 0362', '1916-12-04', 'Joshua Gibberd', '49319 Michigan Circle', 'Almeria');
insert into CUSTOMER (AadharNumber, PhoneNumber, DateofBirth, Name, HouseNumber, City) values ('3115-6511-4003', '+86 811 429 1372', '1983-05-02', 'Albie Cancott', '59 Bayside Plaza', 'Kayan Hulu');
insert into CUSTOMER (AadharNumber, PhoneNumber, DateofBirth, Name, HouseNumber, City) values ('9938-0146-0485', '+46 329 482 3404', '1999-02-07', 'Mignonne Greser', '52065 Farwell Street', 'Gobojango');
insert into CUSTOMER (AadharNumber, PhoneNumber, DateofBirth, Name, HouseNumber, City) values ('5805-0672-2613', '+54 143 133 6438', '1933-02-17', 'Siouxie Tipperton', '0 Evergreen Plaza', 'Yug');
insert into CUSTOMER (AadharNumber, PhoneNumber, DateofBirth, Name, HouseNumber, City) values ('3328-7964-5439', '+63 650 337 3460', '1951-09-26', 'Alyse Salandino', '30 Parkside Point', 'To’rtko’l Shahri');
insert into CUSTOMER (AadharNumber, PhoneNumber, DateofBirth, Name, HouseNumber, City) values ('7969-5445-4390', '+386 335 766 7265', '2017-09-22', 'Ginevra Giorgi', '506 4th Street', 'Chengqu');
insert into CUSTOMER (AadharNumber, PhoneNumber, DateofBirth, Name, HouseNumber, City) values ('7205-1557-8474', '+7 766 550 1712', '1918-08-02', 'Audrie Cobbin', '712 Duke Road', 'Águia Branca');
insert into CUSTOMER (AadharNumber, PhoneNumber, DateofBirth, Name, HouseNumber, City) values ('0325-9448-2383', '+86 614 516 5854', '1953-01-17', 'Nonnah Beagley', '6 Pierstorff Court', 'Cinangsih Satu');
insert into CUSTOMER (AadharNumber, PhoneNumber, DateofBirth, Name, HouseNumber, City) values ('2177-0026-3763', '+963 565 198 0659', '1952-09-20', 'Clementina Nuzzetti', '819 Russell Lane', 'Yug');
insert into CUSTOMER (AadharNumber, PhoneNumber, DateofBirth, Name, HouseNumber, City) values ('3727-5626-9729', '+7 101 886 3350', '2016-02-21', 'Amery Stamp', '06 Fremont Terrace', 'Kayan Hulu');
insert into CUSTOMER (AadharNumber, PhoneNumber, DateofBirth, Name, HouseNumber, City) values ('6193-2275-8737', '+46 814 760 8238', '1916-11-05', 'Crystal Jollie', '1 Linden Hill', 'Cinangsih Satu');
insert into CUSTOMER (AadharNumber, PhoneNumber, DateofBirth, Name, HouseNumber, City) values ('1361-2909-1956', '+31 509 199 7014', '1978-09-16', 'Davita Pladen', '2 Texas Parkway', 'Victoria');
insert into CUSTOMER (AadharNumber, PhoneNumber, DateofBirth, Name, HouseNumber, City) values ('5391-1284-5131', '+63 742 420 0981', '2008-09-07', 'Jethro Mitchinson', '688 Butternut Way', 'Águia Branca');
insert into CUSTOMER (AadharNumber, PhoneNumber, DateofBirth, Name, HouseNumber, City) values ('2567-4995-9699', '+382 547 682 0046', '2003-02-27', 'Lukas Cosser', '6401 Prairieview Alley', 'Rengo');
insert into CUSTOMER (AadharNumber, PhoneNumber, DateofBirth, Name, HouseNumber, City) values ('2458-0309-6222', '+86 698 132 0985', '1935-10-07', 'Lissa Fellgett', '9 Meadow Valley Pass', 'Bamban');
insert into CUSTOMER (AadharNumber, PhoneNumber, DateofBirth, Name, HouseNumber, City) values ('4674-6318-6880', '+63 356 530 5729', '2019-03-11', 'Mindy Kupisz', '9288 Burrows Pass', 'Chengqu');
insert into CUSTOMER (AadharNumber, PhoneNumber, DateofBirth, Name, HouseNumber, City) values ('3458-5062-8839', '+1 862 570 5576', '1960-12-03', 'Averil Merredy', '49265 Everett Avenue', 'Dolní Dvořiště');
insert into CUSTOMER (AadharNumber, PhoneNumber, DateofBirth, Name, HouseNumber, City) values ('1731-1151-9080', '+375 918 672 1231', '1989-12-19', 'Sheppard Penniall', '16 Aberg Avenue', 'To’rtko’l Shahri');
insert into CUSTOMER (AadharNumber, PhoneNumber, DateofBirth, Name, HouseNumber, City) values ('0394-0836-0938', '+33 126 499 9875', '2015-07-09', 'Farley Joddens', '3 Colorado Parkway', 'Niandou');
insert into CUSTOMER (AadharNumber, PhoneNumber, DateofBirth, Name, HouseNumber, City) values ('6357-0406-2227', '+86 821 676 6148', '1937-02-18', 'Ingamar Rosson', '466 Corry Avenue', 'Bluri');
insert into CUSTOMER (AadharNumber, PhoneNumber, DateofBirth, Name, HouseNumber, City) values ('5595-5205-8767', '+48 720 979 4408', '2000-01-16', 'Hayyim Lorking', '2259 Anniversary Street', 'Gucheng');
insert into CUSTOMER (AadharNumber, PhoneNumber, DateofBirth, Name, HouseNumber, City) values ('2213-0322-4531', '+66 341 805 8733', '2002-01-30', 'Ulises Potebury', '030 Northridge Point', 'Makabe');
insert into CUSTOMER (AadharNumber, PhoneNumber, DateofBirth, Name, HouseNumber, City) values ('5631-8425-4226', '+84 684 880 4691', '1929-10-16', 'Murry McGhee', '48 Straubel Hill', 'Sonlit');
insert into CUSTOMER (AadharNumber, PhoneNumber, DateofBirth, Name, HouseNumber, City) values ('4597-3766-7385', '+7 332 678 5403', '1946-09-21', 'Jock Matityahu', '9 Granby Place', 'Chepareria');
insert into CUSTOMER (AadharNumber, PhoneNumber, DateofBirth, Name, HouseNumber, City) values ('2823-8252-3607', '+81 375 542 2908', '1922-03-17', 'Bartram Tampling', '74736 Ridgeway Alley', 'Almeria');
insert into CUSTOMER (AadharNumber, PhoneNumber, DateofBirth, Name, HouseNumber, City) values ('0798-5908-8363', '+62 489 999 1279', '1920-03-13', 'Cleo Sainter', '00 Waywood Parkway', 'Lucerna');
insert into CUSTOMER (AadharNumber, PhoneNumber, DateofBirth, Name, HouseNumber, City) values ('8436-9672-2132', '+30 285 825 6961', '1991-04-25', 'Niel Molyneux', '6 Arapahoe Park', 'Yeniköy');
insert into CUSTOMER (AadharNumber, PhoneNumber, DateofBirth, Name, HouseNumber, City) values ('9514-9282-7679', '+961 822 326 4451', '1946-08-31', 'Tessy Lebourn', '704 Twin Pines Crossing', 'Gobojango');
insert into CUSTOMER (AadharNumber, PhoneNumber, DateofBirth, Name, HouseNumber, City) values ('5394-4913-7678', '+7 228 930 9691', '1996-08-03', 'Ernst Balma', '16868 Lake View Trail', 'Makabe');
insert into CUSTOMER (AadharNumber, PhoneNumber, DateofBirth, Name, HouseNumber, City) values ('9232-1888-9502', '+92 561 604 7855', '2006-04-08', 'Ginelle Halworth', '2528 Mayer Road', 'Cinangsih Satu');
insert into CUSTOMER (AadharNumber, PhoneNumber, DateofBirth, Name, HouseNumber, City) values ('4670-4102-6613', '+63 944 535 2206', '1917-03-30', 'Lowrance Treadgall', '5 Darwin Way', 'Victoria');
insert into CUSTOMER (AadharNumber, PhoneNumber, DateofBirth, Name, HouseNumber, City) values ('6476-8429-3979', '+86 253 520 4859', '1955-11-19', 'Letitia Venes', '30 Burning Wood Park', 'Gobojango');
insert into CUSTOMER (AadharNumber, PhoneNumber, DateofBirth, Name, HouseNumber, City) values ('0060-9771-5565', '+66 407 944 2934', '1929-01-05', 'Karrah Glencorse', '21574 Elgar Pass', 'Dolní Dvořiště');
insert into CUSTOMER (AadharNumber, PhoneNumber, DateofBirth, Name, HouseNumber, City) values ('8940-2861-3316', '+386 527 387 2537', '1985-05-20', 'Hans Sawday', '1 Portage Parkway', 'Chepareria');
insert into CUSTOMER (AadharNumber, PhoneNumber, DateofBirth, Name, HouseNumber, City) values ('4334-9227-3510', '+93 663 334 7575', '1992-05-11', 'Carly Rosenbarg', '020 Killdeer Drive', 'Yug');
insert into CUSTOMER (AadharNumber, PhoneNumber, DateofBirth, Name, HouseNumber, City) values ('8272-2544-9295', '+86 395 981 4310', '1933-12-12', 'Ginelle McMickan', '09 Caliangt Road', 'Chengqu');
insert into CUSTOMER (AadharNumber, PhoneNumber, DateofBirth, Name, HouseNumber, City) values ('8114-6572-4252', '+86 778 292 2952', '1963-09-20', 'Delmer Enser', '69 Fieldstone Pass', 'Yeniköy');
insert into CUSTOMER (AadharNumber, PhoneNumber, DateofBirth, Name, HouseNumber, City) values ('5130-7656-2371', '+46 912 850 6133', '1958-09-19', 'Cynthea Reckhouse', '05610 Evergreen Hill', 'Kayan Hulu');
insert into CUSTOMER (AadharNumber, PhoneNumber, DateofBirth, Name, HouseNumber, City) values ('0041-8348-1612', '+84 829 733 1405', '1986-08-21', 'Peri Seekings', '5 Autumn Leaf Way', 'Bluri');
insert into CUSTOMER (AadharNumber, PhoneNumber, DateofBirth, Name, HouseNumber, City) values ('4785-7082-2229', '+48 514 289 5080', '1964-08-02', 'Maison Stanyard', '2114 Fieldstone Center', 'Rengo');
insert into CUSTOMER (AadharNumber, PhoneNumber, DateofBirth, Name, HouseNumber, City) values ('6075-6187-8833', '+63 331 876 3087', '2006-02-17', 'Danya Isaaksohn', '5511 Rutledge Drive', 'Águia Branca');
insert into CUSTOMER (AadharNumber, PhoneNumber, DateofBirth, Name, HouseNumber, City) values ('8988-2763-4818', '+86 393 784 1012', '1969-09-17', 'Hilliary Luno', '37982 Dorton Lane', 'Lucerna');
insert into CUSTOMER (AadharNumber, PhoneNumber, DateofBirth, Name, HouseNumber, City) values ('9219-9289-9837', '+223 817 312 4885', '2018-12-09', 'Mauricio Mantione', '786 Schlimgen Center', 'Almeria');
insert into CUSTOMER (AadharNumber, PhoneNumber, DateofBirth, Name, HouseNumber, City) values ('9583-3760-4918', '+86 737 254 1091', '1939-08-22', 'Elsie Gagg', '5176 Kedzie Crossing', 'To’rtko’l Shahri');
insert into CUSTOMER (AadharNumber, PhoneNumber, DateofBirth, Name, HouseNumber, City) values ('3787-6816-5524', '+46 184 976 1334', '1993-06-13', 'Rudolf Peasegood', '24 Sugar Court', 'Bamban');
insert into CUSTOMER (AadharNumber, PhoneNumber, DateofBirth, Name, HouseNumber, City) values ('8104-4564-8357', '+86 306 392 4524', '1972-10-02', 'Claudell Dunhill', '31614 Declaration Crossing', 'Niandou');
insert into CUSTOMER (AadharNumber, PhoneNumber, DateofBirth, Name, HouseNumber, City) values ('8472-0774-2776', '+31 291 645 6469', '2018-05-13', 'Lian Sturt', '156 Reinke Circle', 'Gucheng');
insert into CUSTOMER (AadharNumber, PhoneNumber, DateofBirth, Name, HouseNumber, City) values ('0999-3743-4967', '+86 167 166 1499', '2020-02-17', 'Mia Leathley', '8220 Village Alley', 'Sonlit');
insert into CUSTOMER (AadharNumber, PhoneNumber, DateofBirth, Name, HouseNumber, City) values ('9094-1836-2834', '+351 642 335 6802', '2011-09-19', 'Adrien Wicklin', '9 Surrey Avenue', 'Dolní Dvořiště');
insert into CUSTOMER (AadharNumber, PhoneNumber, DateofBirth, Name, HouseNumber, City) values ('3794-7767-7452', '+33 134 960 2692', '1958-07-17', 'Sigfried Sparke', '58 Coleman Pass', 'Almeria');
insert into CUSTOMER (AadharNumber, PhoneNumber, DateofBirth, Name, HouseNumber, City) values ('4036-9971-9399', '+7 703 620 8356', '1937-07-21', 'Becka Capper', '1 Melrose Court', 'Kayan Hulu');
insert into CUSTOMER (AadharNumber, PhoneNumber, DateofBirth, Name, HouseNumber, City) values ('7004-5925-5651', '+33 266 783 0668', '1964-07-24', 'Virgina Seeley', '754 Brentwood Terrace', 'Lucerna');
insert into CUSTOMER (AadharNumber, PhoneNumber, DateofBirth, Name, HouseNumber, City) values ('3896-7276-9222', '+33 404 877 1082', '1985-05-02', 'Colas Guswell', '79 Fairview Road', 'Bamban');
insert into CUSTOMER (AadharNumber, PhoneNumber, DateofBirth, Name, HouseNumber, City) values ('0721-7044-9705', '+64 871 527 2151', '1956-02-18', 'Shelba Renac', '92489 Kropf Lane', 'Yug');
insert into CUSTOMER (AadharNumber, PhoneNumber, DateofBirth, Name, HouseNumber, City) values ('6680-4049-0096', '+55 516 705 0146', '1918-09-18', 'Demetria Palomba', '7351 Rutledge Alley', 'Chepareria');
insert into CUSTOMER (AadharNumber, PhoneNumber, DateofBirth, Name, HouseNumber, City) values ('7321-5333-5582', '+236 451 880 9369', '1937-09-06', 'Drusi Hows', '0 Northwestern Park', 'Chengqu');
insert into CUSTOMER (AadharNumber, PhoneNumber, DateofBirth, Name, HouseNumber, City) values ('8572-1847-8935', '+55 853 569 7949', '1929-08-02', 'Jermayne Hartington', '92086 Walton Trail', 'Sonlit');
insert into CUSTOMER (AadharNumber, PhoneNumber, DateofBirth, Name, HouseNumber, City) values ('1387-2316-5812', '+52 654 821 4598', '1959-02-03', 'Karita Lambswood', '833 Glendale Street', 'Niandou');
insert into CUSTOMER (AadharNumber, PhoneNumber, DateofBirth, Name, HouseNumber, City) values ('5052-0479-0310', '+62 189 216 9603', '1990-11-08', 'Chrysler Matiewe', '7115 Darwin Street', 'To’rtko’l Shahri');
insert into CUSTOMER (AadharNumber, PhoneNumber, DateofBirth, Name, HouseNumber, City) values ('5174-0230-5988', '+36 438 136 5264', '2015-02-05', 'Kate Witsey', '90908 Hanson Plaza', 'Yeniköy');
insert into CUSTOMER (AadharNumber, PhoneNumber, DateofBirth, Name, HouseNumber, City) values ('7548-6971-4573', '+1 317 470 8890', '1956-01-13', 'Nickolai California', '17446 Forest Run Trail', 'Cinangsih Satu');
insert into CUSTOMER (AadharNumber, PhoneNumber, DateofBirth, Name, HouseNumber, City) values ('1270-6875-8862', '+63 354 288 2309', '2004-02-15', 'Annelise Cosker', '124 Laurel Hill', 'Victoria');
insert into CUSTOMER (AadharNumber, PhoneNumber, DateofBirth, Name, HouseNumber, City) values ('7553-9957-0620', '+30 837 618 9589', '1972-12-13', 'Sergio Meneer', '2 7th Street', 'Rengo');
insert into CUSTOMER (AadharNumber, PhoneNumber, DateofBirth, Name, HouseNumber, City) values ('7775-2948-3773', '+49 667 270 2093', '2005-12-16', 'Caron Aisthorpe', '464 Green Plaza', 'Gucheng');
insert into CUSTOMER (AadharNumber, PhoneNumber, DateofBirth, Name, HouseNumber, City) values ('9869-8649-1676', '+62 211 642 6786', '1961-10-25', 'David Philippe', '840 Macpherson Hill', 'Makabe');
insert into CUSTOMER (AadharNumber, PhoneNumber, DateofBirth, Name, HouseNumber, City) values ('5461-5366-6278', '+62 302 175 0541', '1951-04-28', 'Barn Scoullar', '97 Meadow Vale Junction', 'Gobojango');
insert into CUSTOMER (AadharNumber, PhoneNumber, DateofBirth, Name, HouseNumber, City) values ('5523-2263-6311', '+420 995 460 5948', '1987-05-06', 'Gardner Ciabatteri', '4707 Roth Road', 'Águia Branca');
insert into CUSTOMER (AadharNumber, PhoneNumber, DateofBirth, Name, HouseNumber, City) values ('8575-5335-8530', '+234 880 793 2090', '1928-10-23', 'Mercedes Ratt', '9611 Nova Circle', 'Bluri');
insert into CUSTOMER (AadharNumber, PhoneNumber, DateofBirth, Name, HouseNumber, City) values ('1309-0464-0468', '+371 142 962 6274', '1985-02-03', 'Nixie Foxton', '7 Kings Plaza', 'Cinangsih Satu');
insert into CUSTOMER (AadharNumber, PhoneNumber, DateofBirth, Name, HouseNumber, City) values ('6224-6827-6983', '+63 803 182 2176', '1983-03-27', 'Karee Gehrts', '60680 Rieder Alley', 'Victoria');
insert into CUSTOMER (AadharNumber, PhoneNumber, DateofBirth, Name, HouseNumber, City) values ('8315-0499-6491', '+86 160 406 2887', '1998-09-14', 'Rachelle Leeming', '56 Wayridge Plaza', 'Lucerna');
insert into CUSTOMER (AadharNumber, PhoneNumber, DateofBirth, Name, HouseNumber, City) values ('2546-2575-0120', '+51 194 391 8781', '1947-11-13', 'Harland Curreen', '8 Bellgrove Center', 'Sonlit');
insert into CUSTOMER (AadharNumber, PhoneNumber, DateofBirth, Name, HouseNumber, City) values ('6109-7666-3879', '+86 641 255 4756', '1985-03-13', 'Karney Musk', '2428 Starling Road', 'Makabe');
insert into CUSTOMER (AadharNumber, PhoneNumber, DateofBirth, Name, HouseNumber, City) values ('7185-3698-0989', '+55 247 379 3496', '1926-03-31', 'Reyna Lean', '95 Springview Road', 'Chepareria');
insert into CUSTOMER (AadharNumber, PhoneNumber, DateofBirth, Name, HouseNumber, City) values ('5090-9148-2852', '+57 653 120 0545', '1987-07-07', 'Barbaraanne Lewins', '886 Hoepker Crossing', 'Chengqu');
insert into CUSTOMER (AadharNumber, PhoneNumber, DateofBirth, Name, HouseNumber, City) values ('7203-9644-4373', '+385 996 132 6226', '2003-06-26', 'Carroll Cossans', '0961 Brown Street', 'Yeniköy');
insert into CUSTOMER (AadharNumber, PhoneNumber, DateofBirth, Name, HouseNumber, City) values ('9810-3591-7194', '+1 605 285 5002', '1938-09-20', 'Cookie Floris', '4 Commercial Road', 'Kayan Hulu');
insert into CUSTOMER (AadharNumber, PhoneNumber, DateofBirth, Name, HouseNumber, City) values ('2868-4256-4706', '+48 760 486 7811', '2006-08-03', 'Malynda Meneo', '94 Chinook Road', 'Niandou');
insert into CUSTOMER (AadharNumber, PhoneNumber, DateofBirth, Name, HouseNumber, City) values ('0005-5989-5302', '+62 743 288 8992', '1956-07-15', 'Jania Swigg', '5609 Harper Lane', 'Almeria');
insert into CUSTOMER (AadharNumber, PhoneNumber, DateofBirth, Name, HouseNumber, City) values ('9607-8512-5550', '+504 203 457 5445', '1977-07-29', 'Ibbie Raun', '571 Green Ridge Center', 'Bamban');
insert into CUSTOMER (AadharNumber, PhoneNumber, DateofBirth, Name, HouseNumber, City) values ('3585-1224-9275', '+257 850 150 5192', '1972-11-11', 'Jobyna Klus', '83 Straubel Parkway', 'Águia Branca');
insert into CUSTOMER (AadharNumber, PhoneNumber, DateofBirth, Name, HouseNumber, City) values ('0583-6576-2958', '+502 852 357 7492', '1920-10-15', 'Bill Coulthart', '5416 Acker Way', 'Gucheng');
insert into CUSTOMER (AadharNumber, PhoneNumber, DateofBirth, Name, HouseNumber, City) values ('5817-2008-1394', '+86 732 788 1943', '2013-10-03', 'Adel Tabourin', '8629 Laurel Avenue', 'Bluri');
insert into CUSTOMER (AadharNumber, PhoneNumber, DateofBirth, Name, HouseNumber, City) values ('8139-5007-6227', '+255 821 911 4041', '1950-01-21', 'Alene St Clair', '1 Kropf Terrace', 'Dolní Dvořiště');
insert into CUSTOMER (AadharNumber, PhoneNumber, DateofBirth, Name, HouseNumber, City) values ('4877-8412-1463', '+63 766 708 3041', '1960-07-09', 'Alejandra Aikenhead', '3645 Fieldstone Trail', 'Gobojango');
insert into CUSTOMER (AadharNumber, PhoneNumber, DateofBirth, Name, HouseNumber, City) values ('3954-2559-8387', '+62 884 776 4104', '1918-04-02', 'Carmita Schober', '60 South Lane', 'Yug');
insert into CUSTOMER (AadharNumber, PhoneNumber, DateofBirth, Name, HouseNumber, City) values ('3340-5080-0260', '+674 379 343 8175', '1962-04-17', 'Lawton Bromwich', '0849 Emmet Alley', 'To’rtko’l Shahri');
insert into CUSTOMER (AadharNumber, PhoneNumber, DateofBirth, Name, HouseNumber, City) values ('6699-7334-2929', '+33 216 892 3632', '1924-11-02', 'Tina Weathey', '98364 Mayer Way', 'Rengo');
insert into CUSTOMER (AadharNumber, PhoneNumber, DateofBirth, Name, HouseNumber, City) values ('9914-2547-6034', '+7 432 727 9648', '1940-12-27', 'Bellina Iliffe', '33 Twin Pines Way', 'Almeria');
insert into CUSTOMER (AadharNumber, PhoneNumber, DateofBirth, Name, HouseNumber, City) values ('7960-8663-0501', '+86 676 476 5247', '2020-02-24', 'Paul Uccelli', '3729 Hanson Plaza', 'Victoria');
insert into CUSTOMER (AadharNumber, PhoneNumber, DateofBirth, Name, HouseNumber, City) values ('1786-4372-5524', '+62 379 262 8274', '1917-10-26', 'Crystal Straun', '58 North Court', 'Yeniköy');
insert into CUSTOMER (AadharNumber, PhoneNumber, DateofBirth, Name, HouseNumber, City) values ('2180-5052-8286', '+55 435 641 7373', '1955-08-26', 'Brendon Thick', '1 Mcguire Drive', 'Bluri');
insert into CUSTOMER (AadharNumber, PhoneNumber, DateofBirth, Name, HouseNumber, City) values ('1836-6075-2055', '+352 142 157 2081', '1938-12-18', 'Bethena Lightwing', '1 Havey Park', 'Makabe');
insert into CUSTOMER (AadharNumber, PhoneNumber, DateofBirth, Name, HouseNumber, City) values ('3909-8456-5240', '+46 971 436 6295', '1937-05-31', 'Caleb Cossom', '53 Ramsey Plaza', 'To’rtko’l Shahri');
insert into CUSTOMER (AadharNumber, PhoneNumber, DateofBirth, Name, HouseNumber, City) values ('8217-4258-0157', '+51 904 707 6985', '1995-01-20', 'Ruthanne Stagge', '4 Anhalt Court', 'Yug');
insert into CUSTOMER (AadharNumber, PhoneNumber, DateofBirth, Name, HouseNumber, City) values ('4338-7553-8941', '+62 763 762 5688', '2008-04-01', 'Hermia Fozzard', '033 Westend Plaza', 'Lucerna');
insert into CUSTOMER (AadharNumber, PhoneNumber, DateofBirth, Name, HouseNumber, City) values ('1794-4673-7925', '+1 706 632 2831', '1950-10-31', 'Vachel Semens', '1000 John Wall Point', 'Gobojango');
insert into CUSTOMER (AadharNumber, PhoneNumber, DateofBirth, Name, HouseNumber, City) values ('2633-7814-9297', '+62 890 222 0085', '1948-09-02', 'Billi Enrico', '25 Dorton Drive', 'Rengo');
insert into CUSTOMER (AadharNumber, PhoneNumber, DateofBirth, Name, HouseNumber, City) values ('0842-5112-4819', '+86 709 813 5170', '1924-08-11', 'Craig Thorndycraft', '651 Birchwood Park', 'Kayan Hulu');
insert into CUSTOMER (AadharNumber, PhoneNumber, DateofBirth, Name, HouseNumber, City) values ('9268-5722-0024', '+57 941 721 9898', '1970-02-02', 'Hort Sember', '38032 Stuart Plaza', 'Sonlit');
insert into CUSTOMER (AadharNumber, PhoneNumber, DateofBirth, Name, HouseNumber, City) values ('5295-1205-7954', '+63 402 140 0227', '1919-05-01', 'Catherine Riddel', '3 Blaine Street', 'Cinangsih Satu');
insert into CUSTOMER (AadharNumber, PhoneNumber, DateofBirth, Name, HouseNumber, City) values ('2788-4810-0143', '+86 366 176 5713', '1998-11-10', 'Frank Heathfield', '014 Maywood Trail', 'Niandou');
insert into CUSTOMER (AadharNumber, PhoneNumber, DateofBirth, Name, HouseNumber, City) values ('5493-8224-8441', '+7 694 727 1373', '2005-02-18', 'Allix Hearons', '3 2nd Park', 'Chengqu');
insert into CUSTOMER (AadharNumber, PhoneNumber, DateofBirth, Name, HouseNumber, City) values ('8906-7116-0545', '+591 332 736 5810', '2008-10-30', 'Enrico Gilliam', '5639 Eastlawn Parkway', 'Gucheng');
insert into CUSTOMER (AadharNumber, PhoneNumber, DateofBirth, Name, HouseNumber, City) values ('9787-2919-4979', '+86 295 132 6655', '1988-08-12', 'Eugenio McLean', '8855 Lake View Road', 'Bamban');
insert into CUSTOMER (AadharNumber, PhoneNumber, DateofBirth, Name, HouseNumber, City) values ('4741-3278-8495', '+63 519 285 0829', '2016-06-12', 'Wilie Cesaric', '387 Melody Trail', 'Águia Branca');
insert into CUSTOMER (AadharNumber, PhoneNumber, DateofBirth, Name, HouseNumber, City) values ('4573-8554-3515', '+86 876 677 6789', '1958-05-24', 'Dulcy Sahlstrom', '81645 Redwing Alley', 'Dolní Dvořiště');
insert into CUSTOMER (AadharNumber, PhoneNumber, DateofBirth, Name, HouseNumber, City) values ('7956-7811-0133', '+7 569 627 2612', '1919-05-29', 'Juliette Butrimovich', '27 Badeau Street', 'Chepareria');
ALTER TABLE CUSTOMER ADD PRIMARY KEY (AadharNumber);

insert into Department (DepartmentNumber, DepartmentName, Branch_Number) values (1, 'Currency Management', 1);
insert into Department (DepartmentNumber, DepartmentName, Branch_Number) values (2, 'Budgetary Control', 1);
insert into Department (DepartmentNumber, DepartmentName, Branch_Number) values (3, 'Exchange Control', 1);
insert into Department (DepartmentNumber, DepartmentName, Branch_Number) values (4, 'Industrial Credit', 1);
insert into Department (DepartmentNumber, DepartmentName, Branch_Number) values (5, 'Government and Bank Accounts', 1);
insert into Department (DepartmentNumber, DepartmentName, Branch_Number) values (6, 'Currency Management', 2);
insert into Department (DepartmentNumber, DepartmentName, Branch_Number) values (7, 'Budgetary Control', 2);
insert into Department (DepartmentNumber, DepartmentName, Branch_Number) values (8, 'Exchange Control', 2);
insert into Department (DepartmentNumber, DepartmentName, Branch_Number) values (9, 'Industrial Credit', 2);
insert into Department (DepartmentNumber, DepartmentName, Branch_Number) values (10, 'Government and Bank Accounts', 2);
insert into Department (DepartmentNumber, DepartmentName, Branch_Number) values (11, 'Currency Management', 3);
insert into Department (DepartmentNumber, DepartmentName, Branch_Number) values (12, 'Budgetary Control', 3);
insert into Department (DepartmentNumber, DepartmentName, Branch_Number) values (13, 'Exchange Control', 3);
insert into Department (DepartmentNumber, DepartmentName, Branch_Number) values (14, 'Industrial Credit', 3);
insert into Department (DepartmentNumber, DepartmentName, Branch_Number) values (15, 'Government and Bank Accounts', 3);
insert into Department (DepartmentNumber, DepartmentName, Branch_Number) values (16, 'Currency Management', 4);
insert into Department (DepartmentNumber, DepartmentName, Branch_Number) values (17, 'Budgetary Control', 4);
insert into Department (DepartmentNumber, DepartmentName, Branch_Number) values (18, 'Exchange Control', 4);
insert into Department (DepartmentNumber, DepartmentName, Branch_Number) values (19, 'Industrial Credit', 4);
insert into Department (DepartmentNumber, DepartmentName, Branch_Number) values (20, 'Government and Bank Accounts', 4);
insert into Department (DepartmentNumber, DepartmentName, Branch_Number) values (21, 'Currency Management', 5);
insert into Department (DepartmentNumber, DepartmentName, Branch_Number) values (22, 'Budgetary Control', 5);
insert into Department (DepartmentNumber, DepartmentName, Branch_Number) values (23, 'Exchange Control', 5);
insert into Department (DepartmentNumber, DepartmentName, Branch_Number) values (24, 'Industrial Credit', 5);
insert into Department (DepartmentNumber, DepartmentName, Branch_Number) values (25, 'Government and Bank Accounts', 5);
insert into Department (DepartmentNumber, DepartmentName, Branch_Number) values (26, 'Currency Management', 6);
insert into Department (DepartmentNumber, DepartmentName, Branch_Number) values (27, 'Budgetary Control', 6);
insert into Department (DepartmentNumber, DepartmentName, Branch_Number) values (28, 'Exchange Control', 6);
insert into Department (DepartmentNumber, DepartmentName, Branch_Number) values (29, 'Industrial Credit', 6);
insert into Department (DepartmentNumber, DepartmentName, Branch_Number) values (30, 'Government and Bank Accounts', 6);
insert into Department (DepartmentNumber, DepartmentName, Branch_Number) values (31, 'Currency Management', 7);
insert into Department (DepartmentNumber, DepartmentName, Branch_Number) values (32, 'Budgetary Control', 7);
insert into Department (DepartmentNumber, DepartmentName, Branch_Number) values (33, 'Exchange Control', 7);
insert into Department (DepartmentNumber, DepartmentName, Branch_Number) values (34, 'Industrial Credit', 7);
insert into Department (DepartmentNumber, DepartmentName, Branch_Number) values (35, 'Government and Bank Accounts', 7);
insert into Department (DepartmentNumber, DepartmentName, Branch_Number) values (36, 'Currency Management', 8);
insert into Department (DepartmentNumber, DepartmentName, Branch_Number) values (37, 'Budgetary Control', 8);
insert into Department (DepartmentNumber, DepartmentName, Branch_Number) values (38, 'Exchange Control', 8);
insert into Department (DepartmentNumber, DepartmentName, Branch_Number) values (39, 'Industrial Credit', 8);
insert into Department (DepartmentNumber, DepartmentName, Branch_Number) values (40, 'Government and Bank Accounts', 8);
insert into Department (DepartmentNumber, DepartmentName, Branch_Number) values (41, 'Currency Management', 9);
insert into Department (DepartmentNumber, DepartmentName, Branch_Number) values (42, 'Budgetary Control', 9);
insert into Department (DepartmentNumber, DepartmentName, Branch_Number) values (43, 'Exchange Control', 9);
insert into Department (DepartmentNumber, DepartmentName, Branch_Number) values (44, 'Industrial Credit', 9);
insert into Department (DepartmentNumber, DepartmentName, Branch_Number) values (45, 'Government and Bank Accounts', 9);
insert into Department (DepartmentNumber, DepartmentName, Branch_Number) values (46, 'Currency Management', 10);
insert into Department (DepartmentNumber, DepartmentName, Branch_Number) values (47, 'Budgetary Control', 10);
insert into Department (DepartmentNumber, DepartmentName, Branch_Number) values (48, 'Exchange Control', 10);
insert into Department (DepartmentNumber, DepartmentName, Branch_Number) values (49, 'Industrial Credit', 10);
insert into Department (DepartmentNumber, DepartmentName, Branch_Number) values (50, 'Government and Bank Accounts', 10);
insert into Department (DepartmentNumber, DepartmentName, Branch_Number) values (51, 'Currency Management', 11);
insert into Department (DepartmentNumber, DepartmentName, Branch_Number) values (52, 'Budgetary Control', 11);
insert into Department (DepartmentNumber, DepartmentName, Branch_Number) values (53, 'Exchange Control', 11);
insert into Department (DepartmentNumber, DepartmentName, Branch_Number) values (54, 'Industrial Credit', 11);
insert into Department (DepartmentNumber, DepartmentName, Branch_Number) values (55, 'Government and Bank Accounts', 11);
insert into Department (DepartmentNumber, DepartmentName, Branch_Number) values (56, 'Currency Management', 12);
insert into Department (DepartmentNumber, DepartmentName, Branch_Number) values (57, 'Budgetary Control', 12);
insert into Department (DepartmentNumber, DepartmentName, Branch_Number) values (58, 'Exchange Control', 12);
insert into Department (DepartmentNumber, DepartmentName, Branch_Number) values (59, 'Industrial Credit', 12);
insert into Department (DepartmentNumber, DepartmentName, Branch_Number) values (60, 'Government and Bank Accounts', 12);
insert into Department (DepartmentNumber, DepartmentName, Branch_Number) values (61, 'Currency Management', 13);
insert into Department (DepartmentNumber, DepartmentName, Branch_Number) values (62, 'Budgetary Control', 13);
insert into Department (DepartmentNumber, DepartmentName, Branch_Number) values (63, 'Exchange Control', 13);
insert into Department (DepartmentNumber, DepartmentName, Branch_Number) values (64, 'Industrial Credit', 13);
insert into Department (DepartmentNumber, DepartmentName, Branch_Number) values (65, 'Government and Bank Accounts', 13);
insert into Department (DepartmentNumber, DepartmentName, Branch_Number) values (66, 'Currency Management', 14);
insert into Department (DepartmentNumber, DepartmentName, Branch_Number) values (67, 'Budgetary Control', 14);
insert into Department (DepartmentNumber, DepartmentName, Branch_Number) values (68, 'Exchange Control', 14);
insert into Department (DepartmentNumber, DepartmentName, Branch_Number) values (69, 'Industrial Credit', 14);
insert into Department (DepartmentNumber, DepartmentName, Branch_Number) values (70, 'Government and Bank Accounts', 14);
insert into Department (DepartmentNumber, DepartmentName, Branch_Number) values (71, 'Currency Management', 15);
insert into Department (DepartmentNumber, DepartmentName, Branch_Number) values (72, 'Budgetary Control', 15);
insert into Department (DepartmentNumber, DepartmentName, Branch_Number) values (73, 'Exchange Control', 15);
insert into Department (DepartmentNumber, DepartmentName, Branch_Number) values (74, 'Industrial Credit', 15);
insert into Department (DepartmentNumber, DepartmentName, Branch_Number) values (75, 'Government and Bank Accounts', 15);
insert into Department (DepartmentNumber, DepartmentName, Branch_Number) values (76, 'Currency Management', 16);
insert into Department (DepartmentNumber, DepartmentName, Branch_Number) values (77, 'Budgetary Control', 16);
insert into Department (DepartmentNumber, DepartmentName, Branch_Number) values (78, 'Exchange Control', 16);
insert into Department (DepartmentNumber, DepartmentName, Branch_Number) values (79, 'Industrial Credit', 16);
insert into Department (DepartmentNumber, DepartmentName, Branch_Number) values (80, 'Government and Bank Accounts', 16);
insert into Department (DepartmentNumber, DepartmentName, Branch_Number) values (81, 'Currency Management', 17);
insert into Department (DepartmentNumber, DepartmentName, Branch_Number) values (82, 'Budgetary Control', 17);
insert into Department (DepartmentNumber, DepartmentName, Branch_Number) values (83, 'Exchange Control', 17);
insert into Department (DepartmentNumber, DepartmentName, Branch_Number) values (84, 'Industrial Credit', 17);
insert into Department (DepartmentNumber, DepartmentName, Branch_Number) values (85, 'Government and Bank Accounts', 17);
insert into Department (DepartmentNumber, DepartmentName, Branch_Number) values (86, 'Currency Management', 18);
insert into Department (DepartmentNumber, DepartmentName, Branch_Number) values (87, 'Budgetary Control', 18);
insert into Department (DepartmentNumber, DepartmentName, Branch_Number) values (88, 'Exchange Control', 18);
insert into Department (DepartmentNumber, DepartmentName, Branch_Number) values (89, 'Industrial Credit', 18);
insert into Department (DepartmentNumber, DepartmentName, Branch_Number) values (90, 'Government and Bank Accounts', 18);
insert into Department (DepartmentNumber, DepartmentName, Branch_Number) values (91, 'Currency Management', 19);
insert into Department (DepartmentNumber, DepartmentName, Branch_Number) values (92, 'Budgetary Control', 19);
insert into Department (DepartmentNumber, DepartmentName, Branch_Number) values (93, 'Exchange Control', 19);
insert into Department (DepartmentNumber, DepartmentName, Branch_Number) values (94, 'Industrial Credit', 19);
insert into Department (DepartmentNumber, DepartmentName, Branch_Number) values (95, 'Government and Bank Accounts', 19);
insert into Department (DepartmentNumber, DepartmentName, Branch_Number) values (96, 'Currency Management', 20);
insert into Department (DepartmentNumber, DepartmentName, Branch_Number) values (97, 'Budgetary Control', 20);
insert into Department (DepartmentNumber, DepartmentName, Branch_Number) values (98, 'Exchange Control', 20);
ALTER TABLE DEPARTMENT ADD PRIMARY KEY (DepartmentNumber);




insert into EMPLOYEE (EmployeeID, EmployeeName, Salary, DateofJoining, MobileNumber, HouseNo, City, BranchNumber, DepartmentNumber) values ('WG5211i', 'Leonerd Tybalt', '20452783', '1999-08-23', '125-751-3737', '01664 Badeau Drive', 'Sonlit', '1', '1');
insert into EMPLOYEE (EmployeeID, EmployeeName, Salary, DateofJoining, MobileNumber, HouseNo, City, BranchNumber, DepartmentNumber) values ('GJ0907e', 'Lois Shoard', '21844680', '2002-01-15', '835-545-7305', '03449 Sycamore Terrace', 'Niandou', '2', '6');
insert into EMPLOYEE (EmployeeID, EmployeeName, Salary, DateofJoining, MobileNumber, HouseNo, City, BranchNumber, DepartmentNumber) values ('WH9622z', 'Oberon Jura', '11852046', '1998-08-14', '792-693-9109', '55 Blue Bill Park Terrace', 'Chengqu', '3', '11');
insert into EMPLOYEE (EmployeeID, EmployeeName, Salary, DateofJoining, MobileNumber, HouseNo, City, BranchNumber, DepartmentNumber) values ('DZ0552d', 'Kip Overton', '14721631', '2021-10-21', '450-500-4845', '60 Debs Center', 'Gucheng', '4', '16');
insert into EMPLOYEE (EmployeeID, EmployeeName, Salary, DateofJoining, MobileNumber, HouseNo, City, BranchNumber, DepartmentNumber) values ('GZ3329w', 'Brier Biddell', '13208167', '1997-04-30', '111-104-6866', '59 Dovetail Avenue', 'Bamban', '5', '21');
insert into EMPLOYEE (EmployeeID, EmployeeName, Salary, DateofJoining, MobileNumber, HouseNo, City, BranchNumber, DepartmentNumber) values ('AP9123f', 'Jan Somner', '22478405', '2021-04-12', '999-922-6778', '60 7th Street', 'Victoria', '6', '26');
insert into EMPLOYEE (EmployeeID, EmployeeName, Salary, DateofJoining, MobileNumber, HouseNo, City, BranchNumber, DepartmentNumber) values ('JE3227e', 'Mabelle Coulsen', '16146568', '2019-06-27', '274-744-8929', '531 Hansons Way', 'Águia Branca', '7', '31');
insert into EMPLOYEE (EmployeeID, EmployeeName, Salary, DateofJoining, MobileNumber, HouseNo, City, BranchNumber, DepartmentNumber) values ('MK9552v', 'Gracia Sharville', '16232557', '1987-07-23', '376-505-3219', '2110 Buhler Hill', 'Dolní Dvořiště', '8', '36');
insert into EMPLOYEE (EmployeeID, EmployeeName, Salary, DateofJoining, MobileNumber, HouseNo, City, BranchNumber, DepartmentNumber) values ('XY9448i', 'Haydon Avann', '21012809', '1990-03-29', '973-792-0348', '82 Algoma Trail', 'Cinangsih Satu', '9', '41');
insert into EMPLOYEE (EmployeeID, EmployeeName, Salary, DateofJoining, MobileNumber, HouseNo, City, BranchNumber, DepartmentNumber) values ('MG7365o', 'Wald Chazotte', '19456708', '2015-05-11', '973-856-0100', '1006 Homewood Street', 'Lucerna', '10', '46');
insert into EMPLOYEE (EmployeeID, EmployeeName, Salary, DateofJoining, MobileNumber, HouseNo, City, BranchNumber, DepartmentNumber) values ('SA7171t', 'Foss Volage', '21984823', '2011-06-13', '106-104-0496', '32 Morningstar Drive', 'Bluri', '11', '51');
insert into EMPLOYEE (EmployeeID, EmployeeName, Salary, DateofJoining, MobileNumber, HouseNo, City, BranchNumber, DepartmentNumber) values ('CH7495r', 'Laurena Powis', '15894813', '1986-10-03', '275-446-5025', '5304 Burning Wood Hill', 'Makabe', '12', '56');
insert into EMPLOYEE (EmployeeID, EmployeeName, Salary, DateofJoining, MobileNumber, HouseNo, City, BranchNumber, DepartmentNumber) values ('QL6816i', 'Ursa Zuker', '24245757', '1990-11-01', '751-389-4870', '79474 Fremont Court', 'Kayan Hulu', '13', '61');
insert into EMPLOYEE (EmployeeID, EmployeeName, Salary, DateofJoining, MobileNumber, HouseNo, City, BranchNumber, DepartmentNumber) values ('IK5270t', 'Maxie Malcolmson', '22295866', '2005-05-28', '402-329-2362', '0 Fair Oaks Road', 'Almeria', '14', '66');
insert into EMPLOYEE (EmployeeID, EmployeeName, Salary, DateofJoining, MobileNumber, HouseNo, City, BranchNumber, DepartmentNumber) values ('VR2599q', 'Blake Cochrane', '24220921', '1987-03-13', '760-330-6220', '6453 Debs Road', 'Rengo', '15', '71');
insert into EMPLOYEE (EmployeeID, EmployeeName, Salary, DateofJoining, MobileNumber, HouseNo, City, BranchNumber, DepartmentNumber) values ('NK9433u', 'Imogene Beddie', '18207330', '2004-06-19', '579-318-7482', '995 Prairie Rose Court', 'Yeniköy', '16', '76');
insert into EMPLOYEE (EmployeeID, EmployeeName, Salary, DateofJoining, MobileNumber, HouseNo, City, BranchNumber, DepartmentNumber) values ('YF5958b', 'Abagail Lamplough', '23306850', '1999-02-24', '606-403-8140', '64 Gulseth Circle', 'Yug', '17', '81');
insert into EMPLOYEE (EmployeeID, EmployeeName, Salary, DateofJoining, MobileNumber, HouseNo, City, BranchNumber, DepartmentNumber) values ('PU7206q', 'Nora Risebrow', '24746986', '1992-04-30', '432-765-7023', '30381 Buhler Lane', 'Chepareria', '18', '86');
insert into EMPLOYEE (EmployeeID, EmployeeName, Salary, DateofJoining, MobileNumber, HouseNo, City, BranchNumber, DepartmentNumber) values ('JS6246z', 'Thia Ruprich', '21065736', '1989-06-17', '141-970-3268', '22652 Ridgeview Park', 'To’rtko’l Shahri', '19', '91');
insert into EMPLOYEE (EmployeeID, EmployeeName, Salary, DateofJoining, MobileNumber, HouseNo, City, BranchNumber, DepartmentNumber) values ('JO6533t', 'Sadye Durward', '13704335', '1994-03-19', '131-505-8167', '29 Boyd Place', 'Gobojango', '20', '96');
insert into EMPLOYEE (EmployeeID, EmployeeName, Salary, DateofJoining, MobileNumber, HouseNo, City, BranchNumber, DepartmentNumber) values ('PZ0047h', 'Meridith Rayman', '20263639', '1987-12-28', '307-305-7589', '016 Artisan Junction', 'Sonlit', '1', '2');
insert into EMPLOYEE (EmployeeID, EmployeeName, Salary, DateofJoining, MobileNumber, HouseNo, City, BranchNumber, DepartmentNumber) values ('VY0495h', 'Chandra Officer', '15844903', '2008-07-22', '765-106-8422', '285 Mcguire Circle', 'Niandou', '2', '7');
insert into EMPLOYEE (EmployeeID, EmployeeName, Salary, DateofJoining, MobileNumber, HouseNo, City, BranchNumber, DepartmentNumber) values ('BT6995c', 'Etan Knight', '13317945', '2014-02-07', '879-381-4499', '159 Fulton Terrace', 'Chengqu', '3', '12');
insert into EMPLOYEE (EmployeeID, EmployeeName, Salary, DateofJoining, MobileNumber, HouseNo, City, BranchNumber, DepartmentNumber) values ('IR7489o', 'Blinny Simmons', '22427522', '2018-07-12', '372-612-8872', '31427 Paget Road', 'Gucheng', '4', '17');
insert into EMPLOYEE (EmployeeID, EmployeeName, Salary, DateofJoining, MobileNumber, HouseNo, City, BranchNumber, DepartmentNumber) values ('GB5546n', 'Hector Thraves', '15252807', '2001-07-30', '236-331-0280', '502 Continental Street', 'Bamban', '5', '22');
insert into EMPLOYEE (EmployeeID, EmployeeName, Salary, DateofJoining, MobileNumber, HouseNo, City, BranchNumber, DepartmentNumber) values ('RI5359h', 'Aksel Pentecust', '10651999', '1998-06-11', '326-346-3499', '15 Wayridge Drive', 'Victoria', '6', '27');
insert into EMPLOYEE (EmployeeID, EmployeeName, Salary, DateofJoining, MobileNumber, HouseNo, City, BranchNumber, DepartmentNumber) values ('KK3760e', 'Zondra Bosence', '18723852', '2005-10-17', '797-670-0058', '07082 Meadow Ridge Terrace', 'Águia Branca', '7', '32');
insert into EMPLOYEE (EmployeeID, EmployeeName, Salary, DateofJoining, MobileNumber, HouseNo, City, BranchNumber, DepartmentNumber) values ('JU0583o', 'Yorgos Mickelwright', '24025902', '2020-09-10', '576-862-2097', '47 Autumn Leaf Way', 'Dolní Dvořiště', '8', '37');
insert into EMPLOYEE (EmployeeID, EmployeeName, Salary, DateofJoining, MobileNumber, HouseNo, City, BranchNumber, DepartmentNumber) values ('VH0055x', 'Brietta Nodes', '20619717', '2008-10-31', '187-885-7709', '1172 Washington Plaza', 'Cinangsih Satu', '9', '42');
insert into EMPLOYEE (EmployeeID, EmployeeName, Salary, DateofJoining, MobileNumber, HouseNo, City, BranchNumber, DepartmentNumber) values ('QB1722m', 'Leopold Shane', '21442822', '1995-07-16', '195-375-1700', '92668 Bay Court', 'Lucerna', '10', '47');
insert into EMPLOYEE (EmployeeID, EmployeeName, Salary, DateofJoining, MobileNumber, HouseNo, City, BranchNumber, DepartmentNumber) values ('IS0875f', 'Perry Fransemai', '11131772', '1998-09-22', '253-914-6486', '66845 Morningstar Circle', 'Bluri', '11', '52');
insert into EMPLOYEE (EmployeeID, EmployeeName, Salary, DateofJoining, MobileNumber, HouseNo, City, BranchNumber, DepartmentNumber) values ('VH3304e', 'Beauregard Lunbech', '21067422', '2003-03-08', '952-608-5560', '840 Manley Crossing', 'Makabe', '12', '57');
insert into EMPLOYEE (EmployeeID, EmployeeName, Salary, DateofJoining, MobileNumber, HouseNo, City, BranchNumber, DepartmentNumber) values ('VE6631g', 'Velvet Fosdike', '10258468', '1999-08-22', '155-414-5213', '1 Fair Oaks Plaza', 'Kayan Hulu', '13', '62');
insert into EMPLOYEE (EmployeeID, EmployeeName, Salary, DateofJoining, MobileNumber, HouseNo, City, BranchNumber, DepartmentNumber) values ('BW3485x', 'Misty Fells', '18401538', '1994-03-06', '863-532-6211', '80560 Utah Crossing', 'Almeria', '14', '67');
insert into EMPLOYEE (EmployeeID, EmployeeName, Salary, DateofJoining, MobileNumber, HouseNo, City, BranchNumber, DepartmentNumber) values ('LI4475m', 'Rhodia Bolderson', '18725329', '1997-08-16', '737-329-7304', '2088 David Pass', 'Rengo', '15', '72');
insert into EMPLOYEE (EmployeeID, EmployeeName, Salary, DateofJoining, MobileNumber, HouseNo, City, BranchNumber, DepartmentNumber) values ('HR5663c', 'Stillman Comelini', '15442645', '2018-11-28', '613-685-4129', '3 Dixon Lane', 'Yeniköy', '16', '77');
insert into EMPLOYEE (EmployeeID, EmployeeName, Salary, DateofJoining, MobileNumber, HouseNo, City, BranchNumber, DepartmentNumber) values ('IZ7980z', 'Sondra Stayte', '22395782', '2014-11-26', '376-649-3842', '771 Claremont Center', 'Yug', '17', '82');
insert into EMPLOYEE (EmployeeID, EmployeeName, Salary, DateofJoining, MobileNumber, HouseNo, City, BranchNumber, DepartmentNumber) values ('MN7588t', 'Micaela Sackes', '11996110', '1993-06-12', '645-691-7272', '73985 Badeau Hill', 'Chepareria', '18', '87');
insert into EMPLOYEE (EmployeeID, EmployeeName, Salary, DateofJoining, MobileNumber, HouseNo, City, BranchNumber, DepartmentNumber) values ('XC3074w', 'Antonietta Fumagalli', '20170000', '1986-06-06', '116-649-1005', '40 Cordelia Lane', 'To’rtko’l Shahri', '19', '92');
insert into EMPLOYEE (EmployeeID, EmployeeName, Salary, DateofJoining, MobileNumber, HouseNo, City, BranchNumber, DepartmentNumber) values ('GO7394f', 'Ody Clementel', '18725090', '1995-12-10', '595-138-8781', '7422 Havey Crossing', 'Gobojango', '20', '97');
insert into EMPLOYEE (EmployeeID, EmployeeName, Salary, DateofJoining, MobileNumber, HouseNo, City, BranchNumber, DepartmentNumber) values ('GW7183c', 'Bibby Barwood', '11222417', '1987-09-21', '105-641-8729', '402 Emmet Trail', 'Sonlit', '1', '3');
insert into EMPLOYEE (EmployeeID, EmployeeName, Salary, DateofJoining, MobileNumber, HouseNo, City, BranchNumber, DepartmentNumber) values ('RJ7120p', 'Cameron Sall', '17873782', '2008-01-29', '875-202-7155', '1988 Stuart Place', 'Niandou', '2', '8');
insert into EMPLOYEE (EmployeeID, EmployeeName, Salary, DateofJoining, MobileNumber, HouseNo, City, BranchNumber, DepartmentNumber) values ('RA3300o', 'Langsdon Jeffryes', '12150287', '2003-06-15', '171-611-0567', '91 Ridge Oak Road', 'Chengqu', '3', '13');
insert into EMPLOYEE (EmployeeID, EmployeeName, Salary, DateofJoining, MobileNumber, HouseNo, City, BranchNumber, DepartmentNumber) values ('KC7855e', 'Patience Reavey', '15114190', '1997-03-11', '924-515-3854', '739 Kinsman Park', 'Gucheng', '4', '18');
insert into EMPLOYEE (EmployeeID, EmployeeName, Salary, DateofJoining, MobileNumber, HouseNo, City, BranchNumber, DepartmentNumber) values ('EW5392j', 'Noelyn Housego', '18760981', '1998-11-16', '745-406-0228', '787 Debra Drive', 'Bamban', '5', '23');
insert into EMPLOYEE (EmployeeID, EmployeeName, Salary, DateofJoining, MobileNumber, HouseNo, City, BranchNumber, DepartmentNumber) values ('OH5301d', 'Pippy Flux', '21957195', '1994-03-11', '377-435-8820', '31457 Green Circle', 'Victoria', '6', '28');
insert into EMPLOYEE (EmployeeID, EmployeeName, Salary, DateofJoining, MobileNumber, HouseNo, City, BranchNumber, DepartmentNumber) values ('KV6915u', 'Kynthia Benoi', '11619245', '1994-02-12', '797-723-6324', '87134 Crest Line Place', 'Águia Branca', '7', '33');
insert into EMPLOYEE (EmployeeID, EmployeeName, Salary, DateofJoining, MobileNumber, HouseNo, City, BranchNumber, DepartmentNumber) values ('VI1711p', 'Raimund Withey', '21680773', '2016-02-09', '850-829-2613', '01330 Walton Alley', 'Dolní Dvořiště', '8', '38');
insert into EMPLOYEE (EmployeeID, EmployeeName, Salary, DateofJoining, MobileNumber, HouseNo, City, BranchNumber, DepartmentNumber) values ('PK0587k', 'Britte Olliff', '23352056', '1993-12-12', '209-612-5901', '7 Declaration Trail', 'Cinangsih Satu', '9', '43');
insert into EMPLOYEE (EmployeeID, EmployeeName, Salary, DateofJoining, MobileNumber, HouseNo, City, BranchNumber, DepartmentNumber) values ('MB2932y', 'Burch Altofts', '21534757', '2001-12-17', '898-595-2654', '12 Badeau Lane', 'Lucerna', '10', '48');
insert into EMPLOYEE (EmployeeID, EmployeeName, Salary, DateofJoining, MobileNumber, HouseNo, City, BranchNumber, DepartmentNumber) values ('OZ9708j', 'Ricoriki Blancowe', '21626087', '1995-04-19', '165-755-8419', '4480 Rockefeller Trail', 'Bluri', '11', '53');
insert into EMPLOYEE (EmployeeID, EmployeeName, Salary, DateofJoining, MobileNumber, HouseNo, City, BranchNumber, DepartmentNumber) values ('FD1229x', 'Alexandrina Matthessen', '19003075', '2001-01-04', '773-652-2017', '8 Nevada Street', 'Makabe', '12', '58');
insert into EMPLOYEE (EmployeeID, EmployeeName, Salary, DateofJoining, MobileNumber, HouseNo, City, BranchNumber, DepartmentNumber) values ('BY8589t', 'Merilyn Laffling', '15348436', '1993-04-27', '739-388-8109', '66484 Loftsgordon Junction', 'Kayan Hulu', '13', '63');
insert into EMPLOYEE (EmployeeID, EmployeeName, Salary, DateofJoining, MobileNumber, HouseNo, City, BranchNumber, DepartmentNumber) values ('LD6680k', 'Hardy Goulborne', '20229828', '1993-11-18', '566-296-0666', '5 Towne Drive', 'Almeria', '14', '68');
insert into EMPLOYEE (EmployeeID, EmployeeName, Salary, DateofJoining, MobileNumber, HouseNo, City, BranchNumber, DepartmentNumber) values ('VV0466p', 'Charlot Lackie', '23485109', '1993-08-12', '891-820-1595', '77 Moulton Avenue', 'Rengo', '15', '73');
insert into EMPLOYEE (EmployeeID, EmployeeName, Salary, DateofJoining, MobileNumber, HouseNo, City, BranchNumber, DepartmentNumber) values ('WN4058z', 'Marlow Linck', '16204575', '1993-12-09', '962-653-5745', '3 Butterfield Lane', 'Yeniköy', '16', '78');
insert into EMPLOYEE (EmployeeID, EmployeeName, Salary, DateofJoining, MobileNumber, HouseNo, City, BranchNumber, DepartmentNumber) values ('VN6064w', 'Jules Corby', '16947496', '1987-06-18', '789-646-8688', '7 Harper Court', 'Yug', '17', '83');
insert into EMPLOYEE (EmployeeID, EmployeeName, Salary, DateofJoining, MobileNumber, HouseNo, City, BranchNumber, DepartmentNumber) values ('PZ1654y', 'Mahalia Cescot', '20601922', '2006-06-01', '354-661-0481', '695 Sullivan Circle', 'Chepareria', '18', '88');
insert into EMPLOYEE (EmployeeID, EmployeeName, Salary, DateofJoining, MobileNumber, HouseNo, City, BranchNumber, DepartmentNumber) values ('IJ7711s', 'Doloritas Macak', '11293286', '1988-04-09', '110-513-2994', '02 Waywood Parkway', 'To’rtko’l Shahri', '19', '93');
insert into EMPLOYEE (EmployeeID, EmployeeName, Salary, DateofJoining, MobileNumber, HouseNo, City, BranchNumber, DepartmentNumber) values ('JX2621o', 'Kylynn Kasting', '14014810', '1995-10-28', '546-391-5380', '01 Sutherland Plaza', 'Gobojango', '20', '98');
insert into EMPLOYEE (EmployeeID, EmployeeName, Salary, DateofJoining, MobileNumber, HouseNo, City, BranchNumber, DepartmentNumber) values ('RH1882k', 'Kane Treker', '14894666', '2001-11-22', '890-726-9772', '61 Bunting Place', 'Sonlit', '1', '4');
insert into EMPLOYEE (EmployeeID, EmployeeName, Salary, DateofJoining, MobileNumber, HouseNo, City, BranchNumber, DepartmentNumber) values ('SJ2553t', 'Astrid Swanborrow', '13089546', '2002-11-07', '618-984-1543', '1981 Buhler Street', 'Niandou', '2', '9');
insert into EMPLOYEE (EmployeeID, EmployeeName, Salary, DateofJoining, MobileNumber, HouseNo, City, BranchNumber, DepartmentNumber) values ('PK1259r', 'Ivette Hocking', '10983118', '2018-12-07', '350-548-2253', '0730 Division Court', 'Chengqu', '3', '14');
insert into EMPLOYEE (EmployeeID, EmployeeName, Salary, DateofJoining, MobileNumber, HouseNo, City, BranchNumber, DepartmentNumber) values ('PS1344s', 'Maddy Filippazzo', '18131907', '1993-09-26', '353-175-0809', '15 Messerschmidt Road', 'Gucheng', '4', '19');
insert into EMPLOYEE (EmployeeID, EmployeeName, Salary, DateofJoining, MobileNumber, HouseNo, City, BranchNumber, DepartmentNumber) values ('BC2475q', 'Caryn Curtis', '24157408', '1996-09-17', '583-104-3090', '3062 Oak Plaza', 'Bamban', '5', '24');
insert into EMPLOYEE (EmployeeID, EmployeeName, Salary, DateofJoining, MobileNumber, HouseNo, City, BranchNumber, DepartmentNumber) values ('GI8367v', 'Torry Donner', '20187228', '1989-01-02', '239-516-8987', '7265 Kennedy Trail', 'Victoria', '6', '29');
insert into EMPLOYEE (EmployeeID, EmployeeName, Salary, DateofJoining, MobileNumber, HouseNo, City, BranchNumber, DepartmentNumber) values ('QC3185r', 'Noelle Little', '15973696', '1996-09-05', '971-475-8727', '69138 Southridge Circle', 'Águia Branca', '7', '34');
insert into EMPLOYEE (EmployeeID, EmployeeName, Salary, DateofJoining, MobileNumber, HouseNo, City, BranchNumber, DepartmentNumber) values ('ZT5497l', 'Lori MacTerlagh', '12270378', '1990-01-24', '259-777-9956', '579 Fremont Drive', 'Dolní Dvořiště', '8', '39');
insert into EMPLOYEE (EmployeeID, EmployeeName, Salary, DateofJoining, MobileNumber, HouseNo, City, BranchNumber, DepartmentNumber) values ('GN1987u', 'Demott Runnacles', '14424813', '2001-04-01', '467-101-9314', '40587 Eastwood Lane', 'Cinangsih Satu', '9', '44');
insert into EMPLOYEE (EmployeeID, EmployeeName, Salary, DateofJoining, MobileNumber, HouseNo, City, BranchNumber, DepartmentNumber) values ('FQ1099h', 'Byron Shepherdson', '14064525', '2015-01-28', '966-375-7394', '47 Fair Oaks Avenue', 'Lucerna', '10', '49');
insert into EMPLOYEE (EmployeeID, EmployeeName, Salary, DateofJoining, MobileNumber, HouseNo, City, BranchNumber, DepartmentNumber) values ('SQ2638i', 'Missie Raffon', '18754858', '2020-08-12', '724-994-7655', '406 Luster Hill', 'Bluri', '11', '54');
insert into EMPLOYEE (EmployeeID, EmployeeName, Salary, DateofJoining, MobileNumber, HouseNo, City, BranchNumber, DepartmentNumber) values ('SQ0135h', 'Arlin Bambrick', '19253077', '2009-07-07', '999-103-8241', '0 Hansons Way', 'Makabe', '12', '59');
insert into EMPLOYEE (EmployeeID, EmployeeName, Salary, DateofJoining, MobileNumber, HouseNo, City, BranchNumber, DepartmentNumber) values ('WD0259m', 'Myrtle Coughlin', '11875526', '2020-05-28', '871-601-8990', '28 Stang Circle', 'Kayan Hulu', '13', '64');
insert into EMPLOYEE (EmployeeID, EmployeeName, Salary, DateofJoining, MobileNumber, HouseNo, City, BranchNumber, DepartmentNumber) values ('VO4352n', 'Michelina Scardifield', '12723558', '1985-11-03', '920-447-4590', '55310 Green Ridge Junction', 'Almeria', '14', '69');
insert into EMPLOYEE (EmployeeID, EmployeeName, Salary, DateofJoining, MobileNumber, HouseNo, City, BranchNumber, DepartmentNumber) values ('BQ5989q', 'Anna-diane Bannister', '16080159', '2003-12-02', '453-196-4330', '59098 Cody Terrace', 'Rengo', '15', '74');
insert into EMPLOYEE (EmployeeID, EmployeeName, Salary, DateofJoining, MobileNumber, HouseNo, City, BranchNumber, DepartmentNumber) values ('TX7533h', 'Averyl Gulliver', '24148726', '1992-07-14', '480-769-9114', '43255 Glendale Center', 'Yeniköy', '16', '79');
insert into EMPLOYEE (EmployeeID, EmployeeName, Salary, DateofJoining, MobileNumber, HouseNo, City, BranchNumber, DepartmentNumber) values ('VP5849a', 'Cathee Frany', '14356172', '1994-04-15', '192-587-6087', '82383 Ridge Oak Crossing', 'Yug', '17', '84');
insert into EMPLOYEE (EmployeeID, EmployeeName, Salary, DateofJoining, MobileNumber, HouseNo, City, BranchNumber, DepartmentNumber) values ('BN0671t', 'Dyna Overshott', '18701338', '1990-03-14', '988-602-2156', '15125 Blaine Hill', 'Chepareria', '18', '89');
insert into EMPLOYEE (EmployeeID, EmployeeName, Salary, DateofJoining, MobileNumber, HouseNo, City, BranchNumber, DepartmentNumber) values ('NN5140j', 'Allister Kilcoyne', '17804748', '1996-08-17', '951-996-3103', '5 Parkside Alley', 'To’rtko’l Shahri', '19', '94');
insert into EMPLOYEE (EmployeeID, EmployeeName, Salary, DateofJoining, MobileNumber, HouseNo, City, BranchNumber, DepartmentNumber) values ('FM3293g', 'Annabel Bolliver', '19328745', '2016-08-26', '383-464-8036', '10 Nobel Way', 'Sonlit', '1', '5');
insert into EMPLOYEE (EmployeeID, EmployeeName, Salary, DateofJoining, MobileNumber, HouseNo, City, BranchNumber, DepartmentNumber) values ('QZ5910x', 'Baird Harlett', '22067205', '1994-11-05', '921-734-8773', '5 Stang Hill', 'Niandou', '2', '10');
insert into EMPLOYEE (EmployeeID, EmployeeName, Salary, DateofJoining, MobileNumber, HouseNo, City, BranchNumber, DepartmentNumber) values ('UU2632v', 'Rosella Tinmouth', '10336834', '2016-04-12', '138-960-2353', '37 Schlimgen Pass', 'Chengqu', '3', '15');
insert into EMPLOYEE (EmployeeID, EmployeeName, Salary, DateofJoining, MobileNumber, HouseNo, City, BranchNumber, DepartmentNumber) values ('YH6135m', 'Alford Brayshay', '16993549', '2000-09-17', '426-815-3291', '35 Dunning Terrace', 'Gucheng', '4', '20');
insert into EMPLOYEE (EmployeeID, EmployeeName, Salary, DateofJoining, MobileNumber, HouseNo, City, BranchNumber, DepartmentNumber) values ('VS9753z', 'Sully Basili', '18772124', '2019-01-28', '646-651-9828', '6904 Bowman Crossing', 'Bamban', '5', '25');
insert into EMPLOYEE (EmployeeID, EmployeeName, Salary, DateofJoining, MobileNumber, HouseNo, City, BranchNumber, DepartmentNumber) values ('HW2857f', 'Heather Atwool', '21717017', '2006-08-26', '710-270-5606', '64 Roxbury Plaza', 'Victoria', '6', '30');
insert into EMPLOYEE (EmployeeID, EmployeeName, Salary, DateofJoining, MobileNumber, HouseNo, City, BranchNumber, DepartmentNumber) values ('FA9604n', 'Ortensia Muckeen', '10648361', '2004-03-13', '246-895-2478', '5 6th Alley', 'Águia Branca', '7', '35');
insert into EMPLOYEE (EmployeeID, EmployeeName, Salary, DateofJoining, MobileNumber, HouseNo, City, BranchNumber, DepartmentNumber) values ('DM1304w', 'Birgit Ashplant', '10463746', '1998-04-03', '651-366-4662', '0 Superior Junction', 'Dolní Dvořiště', '8', '40');
insert into EMPLOYEE (EmployeeID, EmployeeName, Salary, DateofJoining, MobileNumber, HouseNo, City, BranchNumber, DepartmentNumber) values ('XD2312w', 'Harriott Antonellini', '16182895', '2013-04-16', '316-661-1982', '1 Sloan Drive', 'Cinangsih Satu', '9', '45');
insert into EMPLOYEE (EmployeeID, EmployeeName, Salary, DateofJoining, MobileNumber, HouseNo, City, BranchNumber, DepartmentNumber) values ('NW7663o', 'Maritsa Nichols', '17997563', '1996-04-11', '692-869-0969', '686 Logan Trail', 'Lucerna', '10', '50');
insert into EMPLOYEE (EmployeeID, EmployeeName, Salary, DateofJoining, MobileNumber, HouseNo, City, BranchNumber, DepartmentNumber) values ('YA2147i', 'Jecho Delamaine', '19532303', '1995-05-02', '124-540-7438', '6703 Fremont Park', 'Bluri', '11', '55');
insert into EMPLOYEE (EmployeeID, EmployeeName, Salary, DateofJoining, MobileNumber, HouseNo, City, BranchNumber, DepartmentNumber) values ('YL8148t', 'Rolando Baskett', '22668817', '2011-11-08', '498-262-8473', '0282 Arizona Place', 'Makabe', '12', '60');
insert into EMPLOYEE (EmployeeID, EmployeeName, Salary, DateofJoining, MobileNumber, HouseNo, City, BranchNumber, DepartmentNumber) values ('XV9570v', 'Marcile Filde', '20661973', '2018-09-18', '482-455-0946', '51973 Eliot Crossing', 'Kayan Hulu', '13', '65');
insert into EMPLOYEE (EmployeeID, EmployeeName, Salary, DateofJoining, MobileNumber, HouseNo, City, BranchNumber, DepartmentNumber) values ('JX6270e', 'Jimmie Raigatt', '24668048', '2016-09-20', '267-756-9417', '11614 Farmco Drive', 'Almeria', '14', '70');
insert into EMPLOYEE (EmployeeID, EmployeeName, Salary, DateofJoining, MobileNumber, HouseNo, City, BranchNumber, DepartmentNumber) values ('UZ4079v', 'Beatrix Rounsefull', '16044908', '2001-05-17', '566-140-9541', '38451 Michigan Plaza', 'Rengo', '15', '75');
insert into EMPLOYEE (EmployeeID, EmployeeName, Salary, DateofJoining, MobileNumber, HouseNo, City, BranchNumber, DepartmentNumber) values ('BC5295k', 'Orsa Bawcock', '17428716', '1985-11-25', '353-497-8321', '7 Anhalt Center', 'Yeniköy', '16', '80');
insert into EMPLOYEE (EmployeeID, EmployeeName, Salary, DateofJoining, MobileNumber, HouseNo, City, BranchNumber, DepartmentNumber) values ('GI0015e', 'Gail Phizacklea', '10020232', '1992-08-17', '226-735-8225', '19 Anniversary Alley', 'Yug', '17', '85');
insert into EMPLOYEE (EmployeeID, EmployeeName, Salary, DateofJoining, MobileNumber, HouseNo, City, BranchNumber, DepartmentNumber) values ('BN1230n', 'Matthaeus Scully', '17138277', '2005-01-07', '676-445-5031', '32 Texas Court', 'Chepareria', '18', '90');
insert into EMPLOYEE (EmployeeID, EmployeeName, Salary, DateofJoining, MobileNumber, HouseNo, City, BranchNumber, DepartmentNumber) values ('HC3345n', 'Conant Wreford', '16273272', '2020-09-01', '935-705-4845', '0842 Stone Corner Crossing', 'To’rtko’l Shahri', '19', '95');
ALTER TABLE EMPLOYEE ADD PRIMARY KEY (EmployeeID);
ALTER TABLE EMPLOYEE ADD CONSTRAINT FK_DepartmentNumber FOREIGN KEY (DepartmentNumber) REFERENCES DEPARTMENT(DepartmentNumber);
ALTER TABLE EMPLOYEE ADD CONSTRAINT FK_BranchNumber FOREIGN KEY (BranchNumber) REFERENCES BANKBRANCH(BranchNumber);

insert into LOAN (LoanNumber, Amount, Interest, Type, AadharNumber, BranchNumber, Status) values ('E8332', '33266483', 8, 'Vehicle', '7956-7811-0133', '14', 'Repayment Ongoing');
insert into LOAN (LoanNumber, Amount, Interest, Type, AadharNumber, BranchNumber, Status) values ('Y2147', '25669366', 7, 'Gold', '7956-7811-0133', '3', 'Grace');
insert into LOAN (LoanNumber, Amount, Interest, Type, AadharNumber, BranchNumber, Status) values ('W4691', '78307858', 7, 'Home', '4741-3278-8495', '9', 'Fully Paid');
insert into LOAN (LoanNumber, Amount, Interest, Type, AadharNumber, BranchNumber, Status) values ('T6393', '18520576', 10, 'Home', '5295-1205-7954', '6', 'Grace');
insert into LOAN (LoanNumber, Amount, Interest, Type, AadharNumber, BranchNumber, Status) values ('G9557', '1147686', 9, 'Home', '5295-1205-7954', '5', 'Repayment Ongoing');
insert into LOAN (LoanNumber, Amount, Interest, Type, AadharNumber, BranchNumber, Status) values ('N6899', '318739', 10, 'Home', '0842-5112-4819', '17', 'Fully Paid');
insert into LOAN (LoanNumber, Amount, Interest, Type, AadharNumber, BranchNumber, Status) values ('J5681', '2182919', 8, 'Vehicle', '2788-4810-0143', '4', 'Fully Paid');
insert into LOAN (LoanNumber, Amount, Interest, Type, AadharNumber, BranchNumber, Status) values ('L8081', '4087806', 8, 'Personal', '2788-4810-0143', '13', 'Grace');
insert into LOAN (LoanNumber, Amount, Interest, Type, AadharNumber, BranchNumber, Status) values ('Z8774', '7210879', 8, 'Home', '2788-4810-0143', '8', 'Repayment Ongoing');
insert into LOAN (LoanNumber, Amount, Interest, Type, AadharNumber, BranchNumber, Status) values ('Z6310', '2929439', 9, 'Vehicle', '4338-7553-8941', '20', 'Fully Paid');
insert into LOAN (LoanNumber, Amount, Interest, Type, AadharNumber, BranchNumber, Status) values ('Q5306', '5017985', 7, 'Gold', '3909-8456-5240', '19', 'Grace');
insert into LOAN (LoanNumber, Amount, Interest, Type, AadharNumber, BranchNumber, Status) values ('G6039', '5154174', 6, 'Gold', '3909-8456-5240', '12', 'Fully Paid');
insert into LOAN (LoanNumber, Amount, Interest, Type, AadharNumber, BranchNumber, Status) values ('Z0611', '0124199', 10, 'Gold', '6699-7334-2929', '18', 'Repayment Ongoing');
insert into LOAN (LoanNumber, Amount, Interest, Type, AadharNumber, BranchNumber, Status) values ('Q8345', '5378910', 7, 'Business', '6699-7334-2929', '2', 'Fully Paid');
insert into LOAN (LoanNumber, Amount, Interest, Type, AadharNumber, BranchNumber, Status) values ('Z4324', '8005610', 8, 'Business', '6699-7334-2929', '11', 'Grace');
insert into LOAN (LoanNumber, Amount, Interest, Type, AadharNumber, BranchNumber, Status) values ('K2177', '2559508', 10, 'Home', '3340-5080-0260', '15', 'Grace');
insert into LOAN (LoanNumber, Amount, Interest, Type, AadharNumber, BranchNumber, Status) values ('M9298', '1414721', 8, 'Educational', '3340-5080-0260', '7', 'Grace');
insert into LOAN (LoanNumber, Amount, Interest, Type, AadharNumber, BranchNumber, Status) values ('C2873', '6487209', 9, 'Gold', '3340-5080-0260', '10', 'Fully Paid');
insert into LOAN (LoanNumber, Amount, Interest, Type, AadharNumber, BranchNumber, Status) values ('Q5627', '8832111', 6, 'Vehicle', '3340-5080-0260', '16', 'Grace');
insert into LOAN (LoanNumber, Amount, Interest, Type, AadharNumber, BranchNumber, Status) values ('Z3848', '106220', 10, 'Educational', '3340-5080-0260', '1', 'Fully Paid');
insert into LOAN (LoanNumber, Amount, Interest, Type, AadharNumber, BranchNumber, Status) values ('W9155', '5349389', 6, 'Home', '9914-2547-6034', '1', 'Grace');
insert into LOAN (LoanNumber, Amount, Interest, Type, AadharNumber, BranchNumber, Status) values ('J8046', '4656968', 9, 'Vehicle', '2267-6622-3253', '18', 'Repayment Ongoing');
insert into LOAN (LoanNumber, Amount, Interest, Type, AadharNumber, BranchNumber, Status) values ('P6002', '36904', 7, 'Gold', '2267-6622-3253', '11', 'Grace');
insert into LOAN (LoanNumber, Amount, Interest, Type, AadharNumber, BranchNumber, Status) values ('J8825', '8740464', 9, 'Home', '7548-6971-4573', '20', 'Repayment Ongoing');
insert into LOAN (LoanNumber, Amount, Interest, Type, AadharNumber, BranchNumber, Status) values ('O6727', '839609', 10, 'Gold', '7548-6971-4573', '9', 'Grace');
insert into LOAN (LoanNumber, Amount, Interest, Type, AadharNumber, BranchNumber, Status) values ('Q8275', '9942473', 8, 'Personal', '9810-3591-7194', '12', 'Repayment Ongoing');
insert into LOAN (LoanNumber, Amount, Interest, Type, AadharNumber, BranchNumber, Status) values ('S1093', '717217', 10, 'Vehicle', '9810-3591-7194', '16', 'Repayment Ongoing');
insert into LOAN (LoanNumber, Amount, Interest, Type, AadharNumber, BranchNumber, Status) values ('J0792', '6847419', 9, 'Home', '9810-3591-7194', '13', 'Grace');
insert into LOAN (LoanNumber, Amount, Interest, Type, AadharNumber, BranchNumber, Status) values ('I9150', '8953327', 9, 'Home', '5174-0230-5988', '6', 'Repayment Ongoing');
insert into LOAN (LoanNumber, Amount, Interest, Type, AadharNumber, BranchNumber, Status) values ('Q2958', '5460516', 9, 'Personal', '5174-0230-5988', '7', 'Grace');
insert into LOAN (LoanNumber, Amount, Interest, Type, AadharNumber, BranchNumber, Status) values ('D7975', '7749295', 10, 'Personal', '5174-0230-5988', '3', 'Fully Paid');
insert into LOAN (LoanNumber, Amount, Interest, Type, AadharNumber, BranchNumber, Status) values ('C7017', '8167169', 7, 'Personal', '5174-0230-5988', '2', 'Fully Paid');
insert into LOAN (LoanNumber, Amount, Interest, Type, AadharNumber, BranchNumber, Status) values ('H6101', '1098808', 7, 'Business', '1361-2909-1956', '4', 'Fully Paid');
insert into LOAN (LoanNumber, Amount, Interest, Type, AadharNumber, BranchNumber, Status) values ('H3243', '6001283', 9, 'Home', '1361-2909-1956', '10', 'Grace');
insert into LOAN (LoanNumber, Amount, Interest, Type, AadharNumber, BranchNumber, Status) values ('D1143', '3617155', 10, 'Gold', '1361-2909-1956', '15', 'Repayment Ongoing');
insert into LOAN (LoanNumber, Amount, Interest, Type, AadharNumber, BranchNumber, Status) values ('Q5489', '2246196', 9, 'Vehicle', '1983-2713-2408', '19', 'Repayment Ongoing');
insert into LOAN (LoanNumber, Amount, Interest, Type, AadharNumber, BranchNumber, Status) values ('H0199', '3290528', 9, 'Educational', '1983-2713-2408', '14', 'Fully Paid');
insert into LOAN (LoanNumber, Amount, Interest, Type, AadharNumber, BranchNumber, Status) values ('E8427', '3728408', 6, 'Gold', '1983-2713-2408', '17', 'Grace');
insert into LOAN (LoanNumber, Amount, Interest, Type, AadharNumber, BranchNumber, Status) values ('V4774', '37222843', 9, 'Vehicle', '1983-2713-2408', '5', 'Fully Paid');
insert into LOAN (LoanNumber, Amount, Interest, Type, AadharNumber, BranchNumber, Status) values ('E9642', '59593513', 8, 'Business', '1983-2713-2408', '8', 'Fully Paid');
insert into LOAN (LoanNumber, Amount, Interest, Type, AadharNumber, BranchNumber, Status) values ('B0612', '9447455', 7, 'Vehicle', '1983-2713-2408', '4', 'Grace');
insert into LOAN (LoanNumber, Amount, Interest, Type, AadharNumber, BranchNumber, Status) values ('E2382', '1306185', 9, 'Business', '1983-2713-2408', '13', 'Repayment Ongoing');
insert into LOAN (LoanNumber, Amount, Interest, Type, AadharNumber, BranchNumber, Status) values ('F5646', '14425440', 6, 'Educational', '4597-3766-7385', '18', 'Repayment Ongoing');
insert into LOAN (LoanNumber, Amount, Interest, Type, AadharNumber, BranchNumber, Status) values ('X2097', '98939085', 7, 'Gold', '4597-3766-7385', '7', 'Grace');
insert into LOAN (LoanNumber, Amount, Interest, Type, AadharNumber, BranchNumber, Status) values ('C1837', '7037634', 8, 'Gold', '4597-3766-7385', '17', 'Repayment Ongoing');
insert into LOAN (LoanNumber, Amount, Interest, Type, AadharNumber, BranchNumber, Status) values ('B8111', '10578232', 6, 'Vehicle', '0060-9771-5565', '1', 'Repayment Ongoing');
insert into LOAN (LoanNumber, Amount, Interest, Type, AadharNumber, BranchNumber, Status) values ('D1956', '43971867', 10, 'Home', '0060-9771-5565', '9', 'Fully Paid');
insert into LOAN (LoanNumber, Amount, Interest, Type, AadharNumber, BranchNumber, Status) values ('I6995', '7501794', 7, 'Personal', '0060-9771-5565', '20', 'Fully Paid');
insert into LOAN (LoanNumber, Amount, Interest, Type, AadharNumber, BranchNumber, Status) values ('X4989', '74213666', 6, 'Vehicle', '0060-9771-5565', '8', 'Grace');
insert into LOAN (LoanNumber, Amount, Interest, Type, AadharNumber, BranchNumber, Status) values ('E2334', '34972423', 7, 'Gold', '8482-6235-2555', '12', 'Grace');
insert into LOAN (LoanNumber, Amount, Interest, Type, AadharNumber, BranchNumber, Status) values ('X6792', '37874378', 6, 'Educational', '8482-6235-2555', '16', 'Repayment Ongoing');
insert into LOAN (LoanNumber, Amount, Interest, Type, AadharNumber, BranchNumber, Status) values ('H7178', '18460816', 7, 'Home', '8482-6235-2555', '3', 'Repayment Ongoing');
insert into LOAN (LoanNumber, Amount, Interest, Type, AadharNumber, BranchNumber, Status) values ('M1990', '94111243', 9, 'Educational', '3827-9175-7019', '10', 'Fully Paid');
insert into LOAN (LoanNumber, Amount, Interest, Type, AadharNumber, BranchNumber, Status) values ('L9166', '3176897', 9, 'Vehicle', '3827-9175-7019', '14', 'Repayment Ongoing');
insert into LOAN (LoanNumber, Amount, Interest, Type, AadharNumber, BranchNumber, Status) values ('T0424', '67691782', 7, 'Personal', '3827-9175-7019', '6', 'Fully Paid');
insert into LOAN (LoanNumber, Amount, Interest, Type, AadharNumber, BranchNumber, Status) values ('R1900', '67567097', 10, 'Business', '3827-9175-7019', '15', 'Fully Paid');
insert into LOAN (LoanNumber, Amount, Interest, Type, AadharNumber, BranchNumber, Status) values ('A6335', '20323254', 8, 'Home', '3827-9175-7019', '19', 'Repayment Ongoing');
insert into LOAN (LoanNumber, Amount, Interest, Type, AadharNumber, BranchNumber, Status) values ('Q7682', '2532743', 8, 'Educational', '3827-9175-7019', '11', 'Repayment Ongoing');
insert into LOAN (LoanNumber, Amount, Interest, Type, AadharNumber, BranchNumber, Status) values ('G9685', '9572061', 9, 'Personal', '3827-9175-7019', '2', 'Fully Paid');
insert into LOAN (LoanNumber, Amount, Interest, Type, AadharNumber, BranchNumber, Status) values ('W7390', '40989582', 9, 'Personal', '3827-9175-7019', '5', 'Repayment Ongoing');
insert into LOAN (LoanNumber, Amount, Interest, Type, AadharNumber, BranchNumber, Status) values ('E5062', '14194948', 8, 'Home', '3115-6511-4003', '6', 'Repayment Ongoing');
insert into LOAN (LoanNumber, Amount, Interest, Type, AadharNumber, BranchNumber, Status) values ('V6554', '6105531', 7, 'Educational', '3115-6511-4003', '15', 'Fully Paid');
insert into LOAN (LoanNumber, Amount, Interest, Type, AadharNumber, BranchNumber, Status) values ('H8891', '3796742', 7, 'Personal', '3115-6511-4003', '20', 'Repayment Ongoing');
insert into LOAN (LoanNumber, Amount, Interest, Type, AadharNumber, BranchNumber, Status) values ('H9458', '20353482', 8, 'Vehicle', '3115-6511-4003', '12', 'Fully Paid');
insert into LOAN (LoanNumber, Amount, Interest, Type, AadharNumber, BranchNumber, Status) values ('N3795', '4216250', 7, 'Vehicle', '0394-0836-0938', '3', 'Repayment Ongoing');
insert into LOAN (LoanNumber, Amount, Interest, Type, AadharNumber, BranchNumber, Status) values ('T6231', '347248', 6, 'Business', '0394-0836-0938', '16', 'Fully Paid');
insert into LOAN (LoanNumber, Amount, Interest, Type, AadharNumber, BranchNumber, Status) values ('Y1712', '8311019', 6, 'Gold', '0394-0836-0938', '14', 'Grace');
insert into LOAN (LoanNumber, Amount, Interest, Type, AadharNumber, BranchNumber, Status) values ('Y8871', '62976583', 10, 'Business', '0394-0836-0938', '7', 'Fully Paid');
insert into LOAN (LoanNumber, Amount, Interest, Type, AadharNumber, BranchNumber, Status) values ('K7341', '9582839', 7, 'Home', '6321-0225-5209', '9', 'Repayment Ongoing');
insert into LOAN (LoanNumber, Amount, Interest, Type, AadharNumber, BranchNumber, Status) values ('H6482', '8404839', 6, 'Personal', '6321-0225-5209', '13', 'Fully Paid');
insert into LOAN (LoanNumber, Amount, Interest, Type, AadharNumber, BranchNumber, Status) values ('G0906', '1616870', 7, 'Business', '4328-4494-4111', '4', 'Fully Paid');
insert into LOAN (LoanNumber, Amount, Interest, Type, AadharNumber, BranchNumber, Status) values ('G3568', '8723854', 7, 'Business', '4328-4494-4111', '5', 'Repayment Ongoing');
insert into LOAN (LoanNumber, Amount, Interest, Type, AadharNumber, BranchNumber, Status) values ('V6871', '67631717', 9, 'Gold', '4328-4494-4111', '8', 'Fully Paid');
insert into LOAN (LoanNumber, Amount, Interest, Type, AadharNumber, BranchNumber, Status) values ('H4114', '870766', 9, 'Vehicle', '8578-6045-1661', '1', 'Grace');
insert into LOAN (LoanNumber, Amount, Interest, Type, AadharNumber, BranchNumber, Status) values ('N8246', '2088652', 10, 'Personal', '8578-6045-1661', '17', 'Fully Paid');
insert into LOAN (LoanNumber, Amount, Interest, Type, AadharNumber, BranchNumber, Status) values ('R3511', '2006224', 6, 'Gold', '8578-6045-1661', '2', 'Fully Paid');
insert into LOAN (LoanNumber, Amount, Interest, Type, AadharNumber, BranchNumber, Status) values ('Z9065', '59037446', 9, 'Vehicle', '8578-6045-1661', '11', 'Fully Paid');
insert into LOAN (LoanNumber, Amount, Interest, Type, AadharNumber, BranchNumber, Status) values ('W7063', '175996', 10, 'Personal', '2916-6143-1155', '15', 'Fully Paid');
insert into LOAN (LoanNumber, Amount, Interest, Type, AadharNumber, BranchNumber, Status) values ('J1986', '2597927', 9, 'Business', '2916-6143-1155', '12', 'Repayment Ongoing');
insert into LOAN (LoanNumber, Amount, Interest, Type, AadharNumber, BranchNumber, Status) values ('I1397', '3125683', 9, 'Home', '2916-6143-1155', '10', 'Repayment Ongoing');
insert into LOAN (LoanNumber, Amount, Interest, Type, AadharNumber, BranchNumber, Status) values ('H4386', '481408', 10, 'Vehicle', '2916-6143-1155', '2', 'Grace');
insert into LOAN (LoanNumber, Amount, Interest, Type, AadharNumber, BranchNumber, Status) values ('Q3734', '357563', 6, 'Educational', '5589-9815-6742', '10', 'Grace');
insert into LOAN (LoanNumber, Amount, Interest, Type, AadharNumber, BranchNumber, Status) values ('K4774', '3137077', 10, 'Home', '5589-9815-6742', '3', 'Grace');
insert into LOAN (LoanNumber, Amount, Interest, Type, AadharNumber, BranchNumber, Status) values ('W6844', '6653925', 8, 'Vehicle', '5589-9815-6742', '15', 'Fully Paid');
insert into LOAN (LoanNumber, Amount, Interest, Type, AadharNumber, BranchNumber, Status) values ('C9683', '6652074', 9, 'Vehicle', '5589-9815-6742', '7', 'Fully Paid');
insert into LOAN (LoanNumber, Amount, Interest, Type, AadharNumber, BranchNumber, Status) values ('F9545', '379515', 10, 'Personal', '5589-9815-6742', '11', 'Repayment Ongoing');
insert into LOAN (LoanNumber, Amount, Interest, Type, AadharNumber, BranchNumber, Status) values ('M3285', '442587', 8, 'Business', '7660-1647-2043', '14', 'Fully Paid');
insert into LOAN (LoanNumber, Amount, Interest, Type, AadharNumber, BranchNumber, Status) values ('Z0929', '86515766', 8, 'Business', '7660-1647-2043', '5', 'Grace');
insert into LOAN (LoanNumber, Amount, Interest, Type, AadharNumber, BranchNumber, Status) values ('C1239', '5954298', 10, 'Educational', '6538-3226-5531', '9', 'Fully Paid');
ALTER TABLE LOAN ADD PRIMARY KEY(LoanNumber);
ALTER TABLE LOAN ADD CONSTRAINT FK_AadharNumber_loan FOREIGN KEY (AadharNumber) REFERENCES CUSTOMER(AadharNumber);
ALTER TABLE LOAN ADD CONSTRAINT FK_BranchNumber_loan FOREIGN KEY (BranchNumber) REFERENCES BANKBRANCH(BranchNumber);


INSERT INTO Manages VALUES (1,"GW7183c",'2002-05-06');
INSERT INTO Manages VALUES (2,"QZ5910x",'2001-09-15');
INSERT INTO Manages VALUES (3,"WH9622z",'2002-03-30');
INSERT INTO Manages VALUES (4,"KC7855e",'2002-11-10');
INSERT INTO Manages VALUES (5,"EW5392j",'2000-10-17');
INSERT INTO Manages VALUES (6,"GI8367v",'1991-04-03');
INSERT INTO Manages VALUES (7,"QC3185r",'2001-03-02');
INSERT INTO Manages VALUES (8,"MK9552v",'1995-05-10');
INSERT INTO Manages VALUES (9,"GN1987u",'2011-08-21');
INSERT INTO Manages VALUES (10,"NW7663o",'1998-02-14');
INSERT INTO Manages VALUES (11,"SA7171t",'2017-11-30');
INSERT INTO Manages VALUES (12,"VH3304e",'2009-08-14');
INSERT INTO Manages VALUES (13,"WD0259m",'2021-07-07');
INSERT INTO Manages VALUES (14,"LD6680k",'2000-12-21');
INSERT INTO Manages VALUES (15,"VR2599q",'1995-10-10');
INSERT INTO Manages VALUES (16,"TX7533h",'2005-09-18');
INSERT INTO Manages VALUES (17,"VP5849a",'2003-06-06');
INSERT INTO Manages VALUES (18,"BN0671t",'1997-01-07');
INSERT INTO Manages VALUES (19,"NN5140j",'2004-09-10');
INSERT INTO Manages VALUES (20,"JX2621o",'2000-07-21');
ALTER TABLE MANAGES ADD CONSTRAINT FK_BranchNumber_man FOREIGN KEY (BranchNumber) REFERENCES BANKBRANCH(BranchNumber);
ALTER TABLE MANAGES ADD CONSTRAINT FK_EmployeeID_man FOREIGN KEY (EmployeeID) REFERENCES EMPLOYEE(EmployeeID);

insert into ACCOUNT (AccountNumber, Balance, Type, Status, AadharNumber, BranchNumber) values ('Vu-7084-zl2837', '159130086', 'Checking', 'Active', '8419-7223-5904', 1);
insert into ACCOUNT (AccountNumber, Balance, Type, Status, AadharNumber, BranchNumber) values ('Lx-7594-ld4538', '247247922', 'Checking', 'Running', '5572-2381-1317', 2);
insert into ACCOUNT (AccountNumber, Balance, Type, Status, AadharNumber, BranchNumber) values ('Ws-0709-ry4980', '90677599', 'Checking', 'Dormant', '4966-7562-4070', 3);
insert into ACCOUNT (AccountNumber, Balance, Type, Status, AadharNumber, BranchNumber) values ('No-4455-px3831', '260548989', 'Fixed Deposits', 'Dormant', '6680-4049-0096', 4);
insert into ACCOUNT (AccountNumber, Balance, Type, Status, AadharNumber, BranchNumber) values ('Uz-8242-qr6895', '220489836', 'Checking', 'Dormant', '1387-2316-5812', 5);
insert into ACCOUNT (AccountNumber, Balance, Type, Status, AadharNumber, BranchNumber) values ('Zm-9375-sx0101', '274357737', 'Fixed Deposits', 'Active', '5174-0230-5988', 6);
insert into ACCOUNT (AccountNumber, Balance, Type, Status, AadharNumber, BranchNumber) values ('Ws-9882-jl0616', '263096468', 'Fixed Deposits', 'Dormant', '0170-5512-4157', 7);
insert into ACCOUNT (AccountNumber, Balance, Type, Status, AadharNumber, BranchNumber) values ('Zd-4301-zj2816', '174816273', 'Checking', 'Running', '9583-3760-4918', 8);
insert into ACCOUNT (AccountNumber, Balance, Type, Status, AadharNumber, BranchNumber) values ('Go-8320-xu9085', '121725589', 'Fixed Deposits', 'Running', '9314-0616-2902', 9);
insert into ACCOUNT (AccountNumber, Balance, Type, Status, AadharNumber, BranchNumber) values ('Ib-1912-vw2657', '29543275', 'Savings', 'Closed', '8104-4564-8357', 10);
insert into ACCOUNT (AccountNumber, Balance, Type, Status, AadharNumber, BranchNumber) values ('Hk-1592-ky5786', '358634781', 'Fixed Deposits', 'Closed', '2822-9145-5943', 11);
insert into ACCOUNT (AccountNumber, Balance, Type, Status, AadharNumber, BranchNumber) values ('Oz-4002-ee9589', '4845948', 'Checking', 'Running', '9232-1888-9502', 12);
insert into ACCOUNT (AccountNumber, Balance, Type, Status, AadharNumber, BranchNumber) values ('Hp-5644-an6214', '74711065', 'Fixed Deposits', 'Closed', '5598-1054-3576', 13);
insert into ACCOUNT (AccountNumber, Balance, Type, Status, AadharNumber, BranchNumber) values ('Nf-7662-nq8216', '239169980', 'Savings', 'Running', '3632-1550-3415', 14);
insert into ACCOUNT (AccountNumber, Balance, Type, Status, AadharNumber, BranchNumber) values ('Sg-4659-da5499', '187413021', 'Checking', 'Closed', '8906-7116-0545', 15);
insert into ACCOUNT (AccountNumber, Balance, Type, Status, AadharNumber, BranchNumber) values ('De-6046-ii3573', '382295320', 'Fixed Deposits', 'Dormant', '6861-1717-0655', 16);
insert into ACCOUNT (AccountNumber, Balance, Type, Status, AadharNumber, BranchNumber) values ('Nv-6887-xk0654', '736289363', 'Savings', 'Closed', '2227-9911-9278', 17);
insert into ACCOUNT (AccountNumber, Balance, Type, Status, AadharNumber, BranchNumber) values ('Zf-2023-do6692', '91663729', 'Checking', 'Active', '4674-6318-6880', 18);
insert into ACCOUNT (AccountNumber, Balance, Type, Status, AadharNumber, BranchNumber) values ('Zg-0076-nz2401', '30855661', 'Fixed Deposits', 'Running', '2458-0309-6222', 19);
insert into ACCOUNT (AccountNumber, Balance, Type, Status, AadharNumber, BranchNumber) values ('Ox-5006-no0174', '549948574', 'Fixed Deposits', 'Active', '5270-0225-7750', 20);
insert into ACCOUNT (AccountNumber, Balance, Type, Status, AadharNumber, BranchNumber) values ('Zc-1440-zy2668', '675816265', 'Fixed Deposits', 'Dormant', '0798-5908-8363', 1);
insert into ACCOUNT (AccountNumber, Balance, Type, Status, AadharNumber, BranchNumber) values ('Xu-2208-ro8057', '183639148', 'Savings', 'Running', '3115-6511-4003', 2);
insert into ACCOUNT (AccountNumber, Balance, Type, Status, AadharNumber, BranchNumber) values ('Ix-1595-kb4497', '542456973', 'Fixed Deposits', 'Active', '2788-4810-0143', 3);
insert into ACCOUNT (AccountNumber, Balance, Type, Status, AadharNumber, BranchNumber) values ('Sv-1283-xo5009', '199362228', 'Fixed Deposits', 'Running', '1983-2713-2408', 4);
insert into ACCOUNT (AccountNumber, Balance, Type, Status, AadharNumber, BranchNumber) values ('Hm-7138-kk4159', '229886716', 'Checking', 'Running', '8217-4258-0157', 5);
insert into ACCOUNT (AccountNumber, Balance, Type, Status, AadharNumber, BranchNumber) values ('Tx-4873-ki1525', '973821618', 'Fixed Deposits', 'Closed', '5631-8425-4226', 6);
insert into ACCOUNT (AccountNumber, Balance, Type, Status, AadharNumber, BranchNumber) values ('Vm-8967-di1437', '359349801', 'Savings', 'Running', '2916-6143-1155', 7);
insert into ACCOUNT (AccountNumber, Balance, Type, Status, AadharNumber, BranchNumber) values ('Px-6428-fz5361', '738247319', 'Savings', 'Active', '5631-8425-4226', 8);
insert into ACCOUNT (AccountNumber, Balance, Type, Status, AadharNumber, BranchNumber) values ('Nk-3808-na1184', '69930902', 'Savings', 'Running', '8719-3092-7385', 9);
insert into ACCOUNT (AccountNumber, Balance, Type, Status, AadharNumber, BranchNumber) values ('Rd-4998-iq0784', '57886532', 'Checking', 'Dormant', '8988-2763-4818', 10);
insert into ACCOUNT (AccountNumber, Balance, Type, Status, AadharNumber, BranchNumber) values ('Gj-6236-hv3300', '341852915', 'Fixed Deposits', 'Active', '8884-6163-8428', 11);
insert into ACCOUNT (AccountNumber, Balance, Type, Status, AadharNumber, BranchNumber) values ('Ak-9564-jc3576', '403998978', 'Fixed Deposits', 'Running', '0060-9771-5565', 12);
insert into ACCOUNT (AccountNumber, Balance, Type, Status, AadharNumber, BranchNumber) values ('Ek-4670-de2899', '309453033', 'Checking', 'Active', '2788-4810-0143', 13);
insert into ACCOUNT (AccountNumber, Balance, Type, Status, AadharNumber, BranchNumber) values ('Qt-9133-uu5005', '422078426', 'Savings', 'Closed', '6699-7334-2929', 14);
insert into ACCOUNT (AccountNumber, Balance, Type, Status, AadharNumber, BranchNumber) values ('Mq-2090-ri7119', '49323209', 'Fixed Deposits', 'Dormant', '7956-7811-0133', 15);
insert into ACCOUNT (AccountNumber, Balance, Type, Status, AadharNumber, BranchNumber) values ('Yq-0014-pc1577', '96445466', 'Savings', 'Running', '7203-9644-4373', 16);
insert into ACCOUNT (AccountNumber, Balance, Type, Status, AadharNumber, BranchNumber) values ('Qi-4129-ay5590', '425409870', 'Fixed Deposits', 'Dormant', '1239-9825-8586', 17);
insert into ACCOUNT (AccountNumber, Balance, Type, Status, AadharNumber, BranchNumber) values ('Cp-2760-ni6455', '325944279', 'Savings', 'Active', '3803-1905-8888', 18);
insert into ACCOUNT (AccountNumber, Balance, Type, Status, AadharNumber, BranchNumber) values ('Af-0725-fv4207', '135409526', 'Savings', 'Dormant', '6680-4049-0096', 19);
insert into ACCOUNT (AccountNumber, Balance, Type, Status, AadharNumber, BranchNumber) values ('Ob-1536-zb0202', '251103990', 'Checking', 'Running', '8988-2763-4818', 20);
insert into ACCOUNT (AccountNumber, Balance, Type, Status, AadharNumber, BranchNumber) values ('Fc-7880-yb5005', '391096621', 'Checking', 'Dormant', '3449-6034-5461', 1);
insert into ACCOUNT (AccountNumber, Balance, Type, Status, AadharNumber, BranchNumber) values ('Mg-2574-zl1636', '156771594', 'Fixed Deposits', 'Dormant', '0005-5989-5302', 2);
insert into ACCOUNT (AccountNumber, Balance, Type, Status, AadharNumber, BranchNumber) values ('Oa-3120-eg2268', '99136586', 'Fixed Deposits', 'Closed', '8820-0197-1466', 3);
insert into ACCOUNT (AccountNumber, Balance, Type, Status, AadharNumber, BranchNumber) values ('Zq-5101-pn5552', '409195921', 'Fixed Deposits', 'Running', '7969-5445-4390', 4);
insert into ACCOUNT (AccountNumber, Balance, Type, Status, AadharNumber, BranchNumber) values ('Vm-5180-ui8671', '45684104', 'Savings', 'Dormant', '6224-6827-6983', 5);
insert into ACCOUNT (AccountNumber, Balance, Type, Status, AadharNumber, BranchNumber) values ('Fn-3183-lz3918', '434698045', 'Savings', 'Closed', '2916-6143-1155', 6);
insert into ACCOUNT (AccountNumber, Balance, Type, Status, AadharNumber, BranchNumber) values ('Qn-0734-qz6091', '453685544', 'Fixed Deposits', 'Running', '5598-1054-3576', 7);
insert into ACCOUNT (AccountNumber, Balance, Type, Status, AadharNumber, BranchNumber) values ('Tk-5518-ej7888', '152409981', 'Fixed Deposits', 'Active', '7205-1557-8474', 8);
insert into ACCOUNT (AccountNumber, Balance, Type, Status, AadharNumber, BranchNumber) values ('Bt-6951-xj8461', '122577810', 'Savings', 'Dormant', '7553-9957-0620', 9);
insert into ACCOUNT (AccountNumber, Balance, Type, Status, AadharNumber, BranchNumber) values ('Kg-5014-rw5930', '494432469', 'Savings', 'Dormant', '9810-3591-7194', 10);
insert into ACCOUNT (AccountNumber, Balance, Type, Status, AadharNumber, BranchNumber) values ('Zi-2292-jw2542', '366083136', 'Checking', 'Running', '9114-6183-2516', 11);
insert into ACCOUNT (AccountNumber, Balance, Type, Status, AadharNumber, BranchNumber) values ('Ff-1856-oa4585', '456872111', 'Fixed Deposits', 'Dormant', '0060-9771-5565', 12);
insert into ACCOUNT (AccountNumber, Balance, Type, Status, AadharNumber, BranchNumber) values ('Yx-0006-ll0744', '90877676', 'Savings', 'Running', '6476-8429-3979', 13);
insert into ACCOUNT (AccountNumber, Balance, Type, Status, AadharNumber, BranchNumber) values ('Wv-0231-xk4072', '439002948', 'Checking', 'Active', '5317-3022-5250', 14);
insert into ACCOUNT (AccountNumber, Balance, Type, Status, AadharNumber, BranchNumber) values ('Hj-0875-in8478', '111272738', 'Fixed Deposits', 'Dormant', '2695-5945-7970', 15);
insert into ACCOUNT (AccountNumber, Balance, Type, Status, AadharNumber, BranchNumber) values ('Gj-1231-mo8528', '424515919', 'Savings', 'Running', '5572-2381-1317', 16);
insert into ACCOUNT (AccountNumber, Balance, Type, Status, AadharNumber, BranchNumber) values ('Uk-8549-oq9331', '22758964', 'Checking', 'Running', '9583-3760-4918', 17);
insert into ACCOUNT (AccountNumber, Balance, Type, Status, AadharNumber, BranchNumber) values ('Fk-0532-wl2326', '164725816', 'Savings', 'Running', '9232-1888-9502', 18);
insert into ACCOUNT (AccountNumber, Balance, Type, Status, AadharNumber, BranchNumber) values ('Uv-6388-np6056', '40676353', 'Checking', 'Dormant', '5595-5205-8767', 19);
insert into ACCOUNT (AccountNumber, Balance, Type, Status, AadharNumber, BranchNumber) values ('Zu-3220-dv7826', '565602685', 'Fixed Deposits', 'Dormant', '2868-4256-4706', 20);
insert into ACCOUNT (AccountNumber, Balance, Type, Status, AadharNumber, BranchNumber) values ('Tb-0532-bj3500', '210019025', 'Checking', 'Active', '5391-1284-5131', 1);
insert into ACCOUNT (AccountNumber, Balance, Type, Status, AadharNumber, BranchNumber) values ('Bh-7570-qj2286', '77408023', 'Savings', 'Dormant', '5295-1205-7954', 2);
insert into ACCOUNT (AccountNumber, Balance, Type, Status, AadharNumber, BranchNumber) values ('Jz-4927-hv4321', '57295640', 'Fixed Deposits', 'Running', '5493-8224-8441', 3);
insert into ACCOUNT (AccountNumber, Balance, Type, Status, AadharNumber, BranchNumber) values ('Iv-1897-ok2794', '392513167', 'Fixed Deposits', 'Running', '4334-9227-3510', 4);
insert into ACCOUNT (AccountNumber, Balance, Type, Status, AadharNumber, BranchNumber) values ('Cn-2412-pl9853', '460036781', 'Checking', 'Active', '5513-3225-8629', 5);
insert into ACCOUNT (AccountNumber, Balance, Type, Status, AadharNumber, BranchNumber) values ('Bs-7413-mc5457', '269720394', 'Fixed Deposits', 'Closed', '8578-6045-1661', 6);
insert into ACCOUNT (AccountNumber, Balance, Type, Status, AadharNumber, BranchNumber) values ('Ef-6314-jq1083', '345867580', 'Checking', 'Active', '5817-2008-1394', 7);
insert into ACCOUNT (AccountNumber, Balance, Type, Status, AadharNumber, BranchNumber) values ('Hv-0766-ki5842', '123697478', 'Savings', 'Running', '7321-5333-5582', 8);
insert into ACCOUNT (AccountNumber, Balance, Type, Status, AadharNumber, BranchNumber) values ('Vs-1288-kf1505', '20264770', 'Checking', 'Running', '7224-0038-4502', 9);
insert into ACCOUNT (AccountNumber, Balance, Type, Status, AadharNumber, BranchNumber) values ('Cn-8723-ex1963', '64557456', 'Fixed Deposits', 'Dormant', '7185-3698-0989', 10);
insert into ACCOUNT (AccountNumber, Balance, Type, Status, AadharNumber, BranchNumber) values ('Gu-5916-uu2957', '393756099', 'Checking', 'Active', '2823-8252-3607', 11);
insert into ACCOUNT (AccountNumber, Balance, Type, Status, AadharNumber, BranchNumber) values ('Wz-7419-vk4031', '399390021', 'Savings', 'Running', '3458-5062-8839', 12);
insert into ACCOUNT (AccountNumber, Balance, Type, Status, AadharNumber, BranchNumber) values ('Gu-5083-dx1333', '195219620', 'Checking', 'Active', '8146-0304-4346', 13);
insert into ACCOUNT (AccountNumber, Balance, Type, Status, AadharNumber, BranchNumber) values ('Xw-4932-wr6939', '43442742', 'Fixed Deposits', 'Active', '3592-9752-4156', 14);
insert into ACCOUNT (AccountNumber, Balance, Type, Status, AadharNumber, BranchNumber) values ('Nw-6583-ce9713', '342218554', 'Savings', 'Closed', '5461-5366-6278', 15);
insert into ACCOUNT (AccountNumber, Balance, Type, Status, AadharNumber, BranchNumber) values ('Jp-0370-sm8800', '136304411', 'Fixed Deposits', 'Dormant', '2822-9145-5943', 16);
insert into ACCOUNT (AccountNumber, Balance, Type, Status, AadharNumber, BranchNumber) values ('Dk-5647-jm7372', '217539857', 'Savings', 'Active', '6321-0225-5209', 17);
insert into ACCOUNT (AccountNumber, Balance, Type, Status, AadharNumber, BranchNumber) values ('Dv-8418-xn1497', '422877599', 'Savings', 'Running', '8482-6235-2555', 18);
insert into ACCOUNT (AccountNumber, Balance, Type, Status, AadharNumber, BranchNumber) values ('Zj-8754-tq2927', '273615081', 'Checking', 'Closed', '2633-7814-9297', 19);
insert into ACCOUNT (AccountNumber, Balance, Type, Status, AadharNumber, BranchNumber) values ('Cx-3839-sq8613', '341584913', 'Checking', 'Active', '3945-4356-3304', 20);
insert into ACCOUNT (AccountNumber, Balance, Type, Status, AadharNumber, BranchNumber) values ('Jg-7035-kl8880', '74675108', 'Checking', 'Dormant', '5461-5366-6278', 1);
insert into ACCOUNT (AccountNumber, Balance, Type, Status, AadharNumber, BranchNumber) values ('Ur-4639-ge8891', '6120125', 'Savings', 'Active', '6161-9869-4952', 2);
insert into ACCOUNT (AccountNumber, Balance, Type, Status, AadharNumber, BranchNumber) values ('Aq-0206-la3821', '56045093', 'Checking', 'Running', '0171-3393-2969', 3);
insert into ACCOUNT (AccountNumber, Balance, Type, Status, AadharNumber, BranchNumber) values ('Kr-0070-ke6220', '159395535', 'Savings', 'Closed', '5817-2008-1394', 4);
insert into ACCOUNT (AccountNumber, Balance, Type, Status, AadharNumber, BranchNumber) values ('Rk-5607-nk4025', '176282868', 'Savings', 'Closed', '3909-8456-5240', 5);
insert into ACCOUNT (AccountNumber, Balance, Type, Status, AadharNumber, BranchNumber) values ('Fm-2673-jf7415', '31580810', 'Savings', 'Active', '4670-4102-6613', 6);
insert into ACCOUNT (AccountNumber, Balance, Type, Status, AadharNumber, BranchNumber) values ('Jc-6044-yn9701', '912239208', 'Savings', 'Active', '5598-1054-3576', 7);
insert into ACCOUNT (AccountNumber, Balance, Type, Status, AadharNumber, BranchNumber) values ('Kb-0917-ni5692', '5441222', 'Savings', 'Dormant', '0171-3393-2969', 8);
insert into ACCOUNT (AccountNumber, Balance, Type, Status, AadharNumber, BranchNumber) values ('He-5929-sx5674', '51060395', 'Savings', 'Closed', '8104-4564-8357', 9);
insert into ACCOUNT (AccountNumber, Balance, Type, Status, AadharNumber, BranchNumber) values ('Ft-2845-oz0007', '246413888', 'Fixed Deposits', 'Closed', '5805-0672-2613', 10);
insert into ACCOUNT (AccountNumber, Balance, Type, Status, AadharNumber, BranchNumber) values ('Hx-9854-qu9038', '28643184', 'Checking', 'Active', '8572-1847-8935', 11);
insert into ACCOUNT (AccountNumber, Balance, Type, Status, AadharNumber, BranchNumber) values ('Bb-6644-mv3052', '420729423', 'Fixed Deposits', 'Active', '7004-5925-5651', 12);
insert into ACCOUNT (AccountNumber, Balance, Type, Status, AadharNumber, BranchNumber) values ('Xp-7733-al7492', '173012969', 'Fixed Deposits', 'Running', '7956-7811-0133', 13);
insert into ACCOUNT (AccountNumber, Balance, Type, Status, AadharNumber, BranchNumber) values ('Lq-8250-tm2911', '425482337', 'Fixed Deposits', 'Running', '7185-3698-0989', 14);
insert into ACCOUNT (AccountNumber, Balance, Type, Status, AadharNumber, BranchNumber) values ('We-4146-kg2299', '908716158', 'Savings', 'Running', '5259-3416-0630', 15);
insert into ACCOUNT (AccountNumber, Balance, Type, Status, AadharNumber, BranchNumber) values ('Rp-4904-xx8187', '164197995', 'Checking', 'Active', '3585-1224-9275', 16);
insert into ACCOUNT (AccountNumber, Balance, Type, Status, AadharNumber, BranchNumber) values ('Cz-6450-qf7060', '89266885', 'Checking', 'Dormant', '5394-4913-7678', 17);
insert into ACCOUNT (AccountNumber, Balance, Type, Status, AadharNumber, BranchNumber) values ('Wz-1722-ku9135', '102896077', 'Fixed Deposits', 'Running', '2868-4256-4706', 18);
insert into ACCOUNT (AccountNumber, Balance, Type, Status, AadharNumber, BranchNumber) values ('Op-2364-ie2656', '198915426', 'Savings', 'Running', '9314-0616-2902', 19);
insert into ACCOUNT (AccountNumber, Balance, Type, Status, AadharNumber, BranchNumber) values ('Ry-1330-wr8789', '928075180', 'Checking', 'Closed', '2313-7088-9573', 20);
insert into ACCOUNT (AccountNumber, Balance, Type, Status, AadharNumber, BranchNumber) values ('Xf-7388-kn0610', '471719762', 'Fixed Deposits', 'Active', '0842-5112-4819', 1);
insert into ACCOUNT (AccountNumber, Balance, Type, Status, AadharNumber, BranchNumber) values ('Er-9290-mn5965', '90668699', 'Checking', 'Dormant', '3700-4525-6311', 2);
insert into ACCOUNT (AccountNumber, Balance, Type, Status, AadharNumber, BranchNumber) values ('Tv-7006-mb7827', '640380881', 'Savings', 'Dormant', '4785-7082-2229', 3);
insert into ACCOUNT (AccountNumber, Balance, Type, Status, AadharNumber, BranchNumber) values ('Ka-8149-yn2151', '84031433', 'Fixed Deposits', 'Dormant', '7775-2948-3773', 4);
insert into ACCOUNT (AccountNumber, Balance, Type, Status, AadharNumber, BranchNumber) values ('Bm-3692-wb5392', '39657350', 'Savings', 'Active', '7775-2948-3773', 5);
insert into ACCOUNT (AccountNumber, Balance, Type, Status, AadharNumber, BranchNumber) values ('Jt-7692-if6012', '56125837', 'Savings', 'Active', '9232-1888-9502', 6);
insert into ACCOUNT (AccountNumber, Balance, Type, Status, AadharNumber, BranchNumber) values ('Be-5116-ns9671', '269031359', 'Savings', 'Active', '9869-8649-1676', 7);
insert into ACCOUNT (AccountNumber, Balance, Type, Status, AadharNumber, BranchNumber) values ('Vy-3715-hv4472', '150013391', 'Fixed Deposits', 'Dormant', '6321-0225-5209', 8);
insert into ACCOUNT (AccountNumber, Balance, Type, Status, AadharNumber, BranchNumber) values ('Rx-0544-jj8209', '47353826', 'Fixed Deposits', 'Active', '4892-5262-4965', 9);
insert into ACCOUNT (AccountNumber, Balance, Type, Status, AadharNumber, BranchNumber) values ('Ou-8117-ft3693', '230560288', 'Savings', 'Running', '6193-2275-8737', 10);
insert into ACCOUNT (AccountNumber, Balance, Type, Status, AadharNumber, BranchNumber) values ('Pb-0998-vg2422', '40928135', 'Savings', 'Closed', '0583-6576-2958', 11);
insert into ACCOUNT (AccountNumber, Balance, Type, Status, AadharNumber, BranchNumber) values ('Lk-1499-wp4077', '385164602', 'Savings', 'Closed', '7525-1086-3101', 12);
insert into ACCOUNT (AccountNumber, Balance, Type, Status, AadharNumber, BranchNumber) values ('Ry-9251-vw5385', '113920489', 'Checking', 'Closed', '3340-5080-0260', 13);
insert into ACCOUNT (AccountNumber, Balance, Type, Status, AadharNumber, BranchNumber) values ('Cc-5316-sq8204', '457435359', 'Savings', 'Closed', '3328-7964-5439', 14);
insert into ACCOUNT (AccountNumber, Balance, Type, Status, AadharNumber, BranchNumber) values ('Xj-6578-ri3671', '439074312', 'Savings', 'Active', '4892-5262-4965', 15);
insert into ACCOUNT (AccountNumber, Balance, Type, Status, AadharNumber, BranchNumber) values ('Ln-2549-mc7935', '388841874', 'Fixed Deposits', 'Closed', '5090-9148-2852', 16);
insert into ACCOUNT (AccountNumber, Balance, Type, Status, AadharNumber, BranchNumber) values ('Ku-8294-pa5461', '302181781', 'Checking', 'Running', '4885-3844-0043', 17);
insert into ACCOUNT (AccountNumber, Balance, Type, Status, AadharNumber, BranchNumber) values ('Vc-2847-tl5458', '730296673', 'Checking', 'Closed', '3115-6511-4003', 18);
insert into ACCOUNT (AccountNumber, Balance, Type, Status, AadharNumber, BranchNumber) values ('So-3804-jw3183', '98961587', 'Fixed Deposits', 'Closed', '2337-1896-4024', 19);
insert into ACCOUNT (AccountNumber, Balance, Type, Status, AadharNumber, BranchNumber) values ('Ba-5993-ei3317', '51479945', 'Fixed Deposits', 'Dormant', '8482-6235-2555', 20);
insert into ACCOUNT (AccountNumber, Balance, Type, Status, AadharNumber, BranchNumber) values ('Py-1856-mf9986', '449030427', 'Checking', 'Dormant', '0005-5989-5302', 1);
insert into ACCOUNT (AccountNumber, Balance, Type, Status, AadharNumber, BranchNumber) values ('Oe-8411-jg1723', '266267977', 'Savings', 'Running', '4245-8694-4258', 2);
insert into ACCOUNT (AccountNumber, Balance, Type, Status, AadharNumber, BranchNumber) values ('Tr-8857-xv9478', '639780119', 'Checking', 'Closed', '9219-9289-9837', 3);
insert into ACCOUNT (AccountNumber, Balance, Type, Status, AadharNumber, BranchNumber) values ('Wq-4185-jy6140', '506945478', 'Checking', 'Closed', '6270-1096-4714', 4);
insert into ACCOUNT (AccountNumber, Balance, Type, Status, AadharNumber, BranchNumber) values ('Ru-7251-vg8585', '52257681', 'Checking', 'Active', '4328-4494-4111', 5);
insert into ACCOUNT (AccountNumber, Balance, Type, Status, AadharNumber, BranchNumber) values ('Wo-9558-us3717', '6065223', 'Fixed Deposits', 'Running', '5493-8224-8441', 6);
insert into ACCOUNT (AccountNumber, Balance, Type, Status, AadharNumber, BranchNumber) values ('Ge-6939-sk0381', '569624003', 'Savings', 'Closed', '2267-6622-3253', 7);
insert into ACCOUNT (AccountNumber, Balance, Type, Status, AadharNumber, BranchNumber) values ('In-7934-rt7680', '941156835', 'Savings', 'Running', '2633-7814-9297', 8);
insert into ACCOUNT (AccountNumber, Balance, Type, Status, AadharNumber, BranchNumber) values ('Xi-8113-pu4472', '083334426', 'Fixed Deposits', 'Closed', '6476-8429-3979', 9);
insert into ACCOUNT (AccountNumber, Balance, Type, Status, AadharNumber, BranchNumber) values ('Du-7344-vx6897', '510113187', 'Fixed Deposits', 'Running', '9524-5278-4123', 10);
insert into ACCOUNT (AccountNumber, Balance, Type, Status, AadharNumber, BranchNumber) values ('Ry-3101-ia6085', '241628320', 'Checking', 'Active', '6109-7666-3879', 11);
insert into ACCOUNT (AccountNumber, Balance, Type, Status, AadharNumber, BranchNumber) values ('Pd-1269-at8599', '294403629', 'Savings', 'Dormant', '4338-7553-8941', 12);
insert into ACCOUNT (AccountNumber, Balance, Type, Status, AadharNumber, BranchNumber) values ('Ch-5688-ya9203', '373691934', 'Savings', 'Closed', '5589-9815-6742', 13);
insert into ACCOUNT (AccountNumber, Balance, Type, Status, AadharNumber, BranchNumber) values ('Nr-9522-zn8488', '73626045', 'Checking', 'Running', '2823-8252-3607', 14);
insert into ACCOUNT (AccountNumber, Balance, Type, Status, AadharNumber, BranchNumber) values ('Bh-3757-zo3874', '869770557', 'Fixed Deposits', 'Dormant', '9583-3760-4918', 15);
insert into ACCOUNT (AccountNumber, Balance, Type, Status, AadharNumber, BranchNumber) values ('Ia-2998-oq3343', '808723399', 'Savings', 'Active', '8315-0499-6491', 16);
insert into ACCOUNT (AccountNumber, Balance, Type, Status, AadharNumber, BranchNumber) values ('Hz-4791-hj6456', '975965044', 'Savings', 'Dormant', '9938-0146-0485', 17);
insert into ACCOUNT (AccountNumber, Balance, Type, Status, AadharNumber, BranchNumber) values ('Ql-5540-cu5816', '137837480', 'Fixed Deposits', 'Active', '3954-2559-8387', 18);
insert into ACCOUNT (AccountNumber, Balance, Type, Status, AadharNumber, BranchNumber) values ('Eb-0446-af8756', '16692541', 'Checking', 'Active', '9219-9289-9837', 19);
insert into ACCOUNT (AccountNumber, Balance, Type, Status, AadharNumber, BranchNumber) values ('Yr-1154-tk3434', '35292768', 'Checking', 'Active', '7553-9957-0620', 20);
insert into ACCOUNT (AccountNumber, Balance, Type, Status, AadharNumber, BranchNumber) values ('Nc-4982-yw1780', '383333290', 'Savings', 'Running', '1239-9825-8586', 1);
insert into ACCOUNT (AccountNumber, Balance, Type, Status, AadharNumber, BranchNumber) values ('Jm-9478-fh1767', '211353943', 'Savings', 'Dormant', '9514-9282-7679', 2);
insert into ACCOUNT (AccountNumber, Balance, Type, Status, AadharNumber, BranchNumber) values ('Oj-5089-bj7625', '325274209', 'Savings', 'Running', '8773-1461-1289', 3);
insert into ACCOUNT (AccountNumber, Balance, Type, Status, AadharNumber, BranchNumber) values ('Pz-6545-es1667', '30904515', 'Checking', 'Closed', '4892-5262-4965', 4);
insert into ACCOUNT (AccountNumber, Balance, Type, Status, AadharNumber, BranchNumber) values ('Tb-7867-mu1946', '616266721', 'Fixed Deposits', 'Closed', '9787-2919-4979', 5);
insert into ACCOUNT (AccountNumber, Balance, Type, Status, AadharNumber, BranchNumber) values ('Xy-1886-ai9634', '281792093', 'Checking', 'Closed', '0060-9771-5565', 6);
insert into ACCOUNT (AccountNumber, Balance, Type, Status, AadharNumber, BranchNumber) values ('Hl-4046-un9834', '171782185', 'Checking', 'Active', '3632-1550-3415', 7);
insert into ACCOUNT (AccountNumber, Balance, Type, Status, AadharNumber, BranchNumber) values ('Gm-0051-sr4750', '7590576', 'Checking', 'Dormant', '6476-8429-3979', 8);
insert into ACCOUNT (AccountNumber, Balance, Type, Status, AadharNumber, BranchNumber) values ('Ct-0633-lk6938', '995145709', 'Checking', 'Running', '6224-6827-6983', 9);
insert into ACCOUNT (AccountNumber, Balance, Type, Status, AadharNumber, BranchNumber) values ('Vj-5791-lh4380', '258316319', 'Checking', 'Dormant', '5377-7780-4905', 10);
insert into ACCOUNT (AccountNumber, Balance, Type, Status, AadharNumber, BranchNumber) values ('Aq-9654-rx9911', '430062597', 'Checking', 'Dormant', '1270-6875-8862', 11);
insert into ACCOUNT (AccountNumber, Balance, Type, Status, AadharNumber, BranchNumber) values ('Mh-4736-sv4244', '174415095', 'Savings', 'Active', '7224-0038-4502', 12);
insert into ACCOUNT (AccountNumber, Balance, Type, Status, AadharNumber, BranchNumber) values ('Lr-9945-qb1887', '473611607', 'Fixed Deposits', 'Dormant', '0485-9602-6248', 13);
insert into ACCOUNT (AccountNumber, Balance, Type, Status, AadharNumber, BranchNumber) values ('Rp-1365-gx5444', '310817230', 'Fixed Deposits', 'Dormant', '2227-9911-9278', 14);
insert into ACCOUNT (AccountNumber, Balance, Type, Status, AadharNumber, BranchNumber) values ('Fu-4972-rw6690', '337496971', 'Savings', 'Running', '7956-7811-0133', 15);
insert into ACCOUNT (AccountNumber, Balance, Type, Status, AadharNumber, BranchNumber) values ('Yu-6663-fp9753', '322777777', 'Savings', 'Running', '7548-6971-4573', 16);
insert into ACCOUNT (AccountNumber, Balance, Type, Status, AadharNumber, BranchNumber) values ('Uc-2722-mc1423', '232311399', 'Savings', 'Running', '0522-1052-0575', 17);
insert into ACCOUNT (AccountNumber, Balance, Type, Status, AadharNumber, BranchNumber) values ('On-6653-pp8426', '297695712', 'Checking', 'Dormant', '2313-7088-9573', 18);
insert into ACCOUNT (AccountNumber, Balance, Type, Status, AadharNumber, BranchNumber) values ('Ty-5036-ws8076', '109078303', 'Savings', 'Closed', '6594-2881-2558', 19);
insert into ACCOUNT (AccountNumber, Balance, Type, Status, AadharNumber, BranchNumber) values ('Fp-3264-rp9108', '223397244', 'Savings', 'Dormant', '2822-9145-5943', 20);
insert into ACCOUNT (AccountNumber, Balance, Type, Status, AadharNumber, BranchNumber) values ('Hg-3926-vj1377', '224606745', 'Checking', 'Dormant', '2823-8252-3607', 1);
insert into ACCOUNT (AccountNumber, Balance, Type, Status, AadharNumber, BranchNumber) values ('Kg-5993-fx1532', '291145875', 'Savings', 'Dormant', '5572-2381-1317', 2);
insert into ACCOUNT (AccountNumber, Balance, Type, Status, AadharNumber, BranchNumber) values ('Go-6193-ce4834', '30063201', 'Checking', 'Running', '2227-9911-9278', 3);
insert into ACCOUNT (AccountNumber, Balance, Type, Status, AadharNumber, BranchNumber) values ('Cq-2676-ux9054', '116317051', 'Checking', 'Active', '0522-1052-0575', 4);
insert into ACCOUNT (AccountNumber, Balance, Type, Status, AadharNumber, BranchNumber) values ('Qa-1573-ex8503', '195920079', 'Fixed Deposits', 'Closed', '7476-7240-6257', 5);
insert into ACCOUNT (AccountNumber, Balance, Type, Status, AadharNumber, BranchNumber) values ('Wc-4938-wo7843', '207088488', 'Checking', 'Running', '3794-7767-7452', 6);
insert into ACCOUNT (AccountNumber, Balance, Type, Status, AadharNumber, BranchNumber) values ('Gc-1853-ry0780', '437375801', 'Savings', 'Active', '5947-3981-2808', 7);
insert into ACCOUNT (AccountNumber, Balance, Type, Status, AadharNumber, BranchNumber) values ('Hk-3764-gt6995', '260093089', 'Fixed Deposits', 'Dormant', '6538-3226-5531', 8);
insert into ACCOUNT (AccountNumber, Balance, Type, Status, AadharNumber, BranchNumber) values ('Yu-9312-hr9390', '149347139', 'Checking', 'Active', '5356-5307-0412', 9);
insert into ACCOUNT (AccountNumber, Balance, Type, Status, AadharNumber, BranchNumber) values ('Rs-8857-jp3627', '17267207', 'Checking', 'Dormant', '5052-0479-0310', 10);
insert into ACCOUNT (AccountNumber, Balance, Type, Status, AadharNumber, BranchNumber) values ('Ks-6664-nu5336', '162585336', 'Savings', 'Active', '8964-6779-8455', 11);
insert into ACCOUNT (AccountNumber, Balance, Type, Status, AadharNumber, BranchNumber) values ('Ms-7046-io5677', '379306449', 'Fixed Deposits', 'Closed', '8773-1461-1289', 12);
insert into ACCOUNT (AccountNumber, Balance, Type, Status, AadharNumber, BranchNumber) values ('Qr-9674-lo0367', '134085664', 'Savings', 'Active', '5513-3225-8629', 13);
insert into ACCOUNT (AccountNumber, Balance, Type, Status, AadharNumber, BranchNumber) values ('Id-7339-et5087', '148410025', 'Savings', 'Dormant', '2916-6143-1155', 14);
insert into ACCOUNT (AccountNumber, Balance, Type, Status, AadharNumber, BranchNumber) values ('Mj-9875-xg3788', '156781248', 'Savings', 'Active', '1361-2909-1956', 15);
insert into ACCOUNT (AccountNumber, Balance, Type, Status, AadharNumber, BranchNumber) values ('Ag-9815-fk5633', '475467451', 'Savings', 'Closed', '8290-3029-7558', 16);
insert into ACCOUNT (AccountNumber, Balance, Type, Status, AadharNumber, BranchNumber) values ('Yh-7934-gx7397', '358578574', 'Fixed Deposits', 'Closed', '7525-1086-3101', 17);
insert into ACCOUNT (AccountNumber, Balance, Type, Status, AadharNumber, BranchNumber) values ('Oi-1760-lc9103', '364573137', 'Savings', 'Dormant', '8313-7654-2909', 18);
insert into ACCOUNT (AccountNumber, Balance, Type, Status, AadharNumber, BranchNumber) values ('Mu-2778-pl3277', '238432489', 'Fixed Deposits', 'Closed', '2227-9911-9278', 19);
insert into ACCOUNT (AccountNumber, Balance, Type, Status, AadharNumber, BranchNumber) values ('Gb-5629-rq1758', '298406045', 'Fixed Deposits', 'Running', '3909-8456-5240', 20);
insert into ACCOUNT (AccountNumber, Balance, Type, Status, AadharNumber, BranchNumber) values ('Xr-1315-kq7798', '31333897', 'Savings', 'Active', '6270-1096-4714', 1);
insert into ACCOUNT (AccountNumber, Balance, Type, Status, AadharNumber, BranchNumber) values ('Md-0500-sy6826', '250113532', 'Checking', 'Dormant', '5270-0225-7750', 2);
insert into ACCOUNT (AccountNumber, Balance, Type, Status, AadharNumber, BranchNumber) values ('Cv-9543-zs1925', '462944289', 'Fixed Deposits', 'Dormant', '0005-5989-5302', 3);
insert into ACCOUNT (AccountNumber, Balance, Type, Status, AadharNumber, BranchNumber) values ('Su-6146-eh0991', '293146343', 'Savings', 'Active', '0176-6933-7158', 4);
insert into ACCOUNT (AccountNumber, Balance, Type, Status, AadharNumber, BranchNumber) values ('Gm-5164-rk9396', '1096688248', 'Savings', 'Closed', '2180-5052-8286', 5);
insert into ACCOUNT (AccountNumber, Balance, Type, Status, AadharNumber, BranchNumber) values ('Xf-7501-oi7836', '237698286', 'Checking', 'Running', '3896-7276-9222', 6);
insert into ACCOUNT (AccountNumber, Balance, Type, Status, AadharNumber, BranchNumber) values ('Fp-4282-tm2438', '289007187', 'Checking', 'Running', '8139-5007-6227', 7);
insert into ACCOUNT (AccountNumber, Balance, Type, Status, AadharNumber, BranchNumber) values ('Fk-2781-dk5860', '407110929', 'Savings', 'Closed', '5295-1205-7954', 8);
insert into ACCOUNT (AccountNumber, Balance, Type, Status, AadharNumber, BranchNumber) values ('Mk-2764-kz1210', '238495649', 'Savings', 'Closed', '3328-7964-5439', 9);
insert into ACCOUNT (AccountNumber, Balance, Type, Status, AadharNumber, BranchNumber) values ('Dy-9741-tc3203', '397189962', 'Fixed Deposits', 'Closed', '8940-2861-3316', 10);
insert into ACCOUNT (AccountNumber, Balance, Type, Status, AadharNumber, BranchNumber) values ('Ug-7093-ut4339', '24604475', 'Checking', 'Closed', '0798-5908-8363', 11);
insert into ACCOUNT (AccountNumber, Balance, Type, Status, AadharNumber, BranchNumber) values ('Xp-0371-ic2951', '473950120', 'Fixed Deposits', 'Closed', '1482-8483-7246', 12);
insert into ACCOUNT (AccountNumber, Balance, Type, Status, AadharNumber, BranchNumber) values ('Rn-4882-di6898', '407283647', 'Savings', 'Dormant', '4670-4102-6613', 13);
insert into ACCOUNT (AccountNumber, Balance, Type, Status, AadharNumber, BranchNumber) values ('Ah-3023-xf7446', '315348377', 'Fixed Deposits', 'Running', '9787-2919-4979', 14);
insert into ACCOUNT (AccountNumber, Balance, Type, Status, AadharNumber, BranchNumber) values ('Ha-7642-zv5994', '224815611', 'Savings', 'Closed', '0999-3743-4967', 15);
insert into ACCOUNT (AccountNumber, Balance, Type, Status, AadharNumber, BranchNumber) values ('Vz-8799-rz5888', '458571942', 'Checking', 'Dormant', '1309-0464-0468', 16);
insert into ACCOUNT (AccountNumber, Balance, Type, Status, AadharNumber, BranchNumber) values ('Ua-2537-kx1307', '179325541', 'Checking', 'Dormant', '0522-1052-0575', 17);
insert into ACCOUNT (AccountNumber, Balance, Type, Status, AadharNumber, BranchNumber) values ('Kb-3073-xp8810', '61887241', 'Savings', 'Closed', '2131-2254-5880', 18);
insert into ACCOUNT (AccountNumber, Balance, Type, Status, AadharNumber, BranchNumber) values ('Rt-5965-za3076', '149830438', 'Checking', 'Closed', '2633-7814-9297', 19);
insert into ACCOUNT (AccountNumber, Balance, Type, Status, AadharNumber, BranchNumber) values ('Mk-2514-oe4431', '71950656', 'Savings', 'Closed', '1270-6875-8862', 20);
insert into ACCOUNT (AccountNumber, Balance, Type, Status, AadharNumber, BranchNumber) values ('Fu-9803-sk4850', '377298158', 'Fixed Deposits', 'Dormant', '2227-9911-9278', 1);
insert into ACCOUNT (AccountNumber, Balance, Type, Status, AadharNumber, BranchNumber) values ('Ie-2190-fg7497', '464854777', 'Fixed Deposits', 'Dormant', '0798-5908-8363', 2);
insert into ACCOUNT (AccountNumber, Balance, Type, Status, AadharNumber, BranchNumber) values ('Kb-5632-oy2003', '208870301', 'Savings', 'Running', '0721-7044-9705', 3);
insert into ACCOUNT (AccountNumber, Balance, Type, Status, AadharNumber, BranchNumber) values ('Wg-0382-bv6958', '21990133', 'Fixed Deposits', 'Running', '9787-2919-4979', 4);
insert into ACCOUNT (AccountNumber, Balance, Type, Status, AadharNumber, BranchNumber) values ('Js-1179-kw9423', '15079760', 'Savings', 'Dormant', '0683-9093-7706', 5);
insert into ACCOUNT (AccountNumber, Balance, Type, Status, AadharNumber, BranchNumber) values ('Gf-9325-iv9857', '159992588', 'Savings', 'Dormant', '3896-7276-9222', 6);
insert into ACCOUNT (AccountNumber, Balance, Type, Status, AadharNumber, BranchNumber) values ('Ib-8754-rg0353', '369611179', 'Checking', 'Running', '2822-9145-5943', 7);
insert into ACCOUNT (AccountNumber, Balance, Type, Status, AadharNumber, BranchNumber) values ('Mn-7242-pi6614', '496296432', 'Savings', 'Active', '3787-6816-5524', 8);
insert into ACCOUNT (AccountNumber, Balance, Type, Status, AadharNumber, BranchNumber) values ('Im-5805-pi6532', '174333402', 'Savings', 'Closed', '3632-1550-3415', 9);
insert into ACCOUNT (AccountNumber, Balance, Type, Status, AadharNumber, BranchNumber) values ('Pa-3370-ix2606', '151161262', 'Fixed Deposits', 'Active', '7701-8673-2639', 10);
insert into ACCOUNT (AccountNumber, Balance, Type, Status, AadharNumber, BranchNumber) values ('Th-0820-pl3616', '38427100', 'Fixed Deposits', 'Active', '6270-1096-4714', 11);
insert into ACCOUNT (AccountNumber, Balance, Type, Status, AadharNumber, BranchNumber) values ('Je-2339-ts5183', '428556883', 'Savings', 'Active', '6224-6827-6983', 12);
insert into ACCOUNT (AccountNumber, Balance, Type, Status, AadharNumber, BranchNumber) values ('Uq-4665-dr1262', '465831707', 'Fixed Deposits', 'Closed', '6227-2474-5891', 13);
insert into ACCOUNT (AccountNumber, Balance, Type, Status, AadharNumber, BranchNumber) values ('Wu-0138-rp5199', '223127556', 'Checking', 'Active', '9787-2919-4979', 14);
insert into ACCOUNT (AccountNumber, Balance, Type, Status, AadharNumber, BranchNumber) values ('Vd-1679-bn2570', '490328839', 'Checking', 'Closed', '0041-8348-1612', 15);
insert into ACCOUNT (AccountNumber, Balance, Type, Status, AadharNumber, BranchNumber) values ('Tl-4207-oz8983', '211376487', 'Fixed Deposits', 'Active', '2695-5945-7970', 16);
insert into ACCOUNT (AccountNumber, Balance, Type, Status, AadharNumber, BranchNumber) values ('Fr-6687-wy1117', '181870118', 'Savings', 'Dormant', '5174-0230-5988', 17);
insert into ACCOUNT (AccountNumber, Balance, Type, Status, AadharNumber, BranchNumber) values ('Om-8182-kj7439', '154047465', 'Fixed Deposits', 'Active', '5631-8425-4226', 18);
insert into ACCOUNT (AccountNumber, Balance, Type, Status, AadharNumber, BranchNumber) values ('Li-1726-dn2239', '412525641', 'Fixed Deposits', 'Closed', '5631-8425-4226', 19);
insert into ACCOUNT (AccountNumber, Balance, Type, Status, AadharNumber, BranchNumber) values ('Cv-6822-sg9224', '24284216', 'Checking', 'Dormant', '8572-1847-8935', 20);
insert into ACCOUNT (AccountNumber, Balance, Type, Status, AadharNumber, BranchNumber) values ('Od-6378-uk2722', '968240394', 'Checking', 'Running', '0171-3393-2969', 1);
insert into ACCOUNT (AccountNumber, Balance, Type, Status, AadharNumber, BranchNumber) values ('Dp-2921-ua2926', '30668753', 'Savings', 'Running', '1807-3072-5697', 2);
insert into ACCOUNT (AccountNumber, Balance, Type, Status, AadharNumber, BranchNumber) values ('Ex-2124-dq3850', '233439108', 'Savings', 'Dormant', '2567-4995-9699', 3);
insert into ACCOUNT (AccountNumber, Balance, Type, Status, AadharNumber, BranchNumber) values ('Dc-4055-hy5191', '77483521', 'Checking', 'Active', '3727-5626-9729', 4);
insert into ACCOUNT (AccountNumber, Balance, Type, Status, AadharNumber, BranchNumber) values ('Er-7952-mf1547', '433529219', 'Fixed Deposits', 'Active', '6224-6827-6983', 5);
insert into ACCOUNT (AccountNumber, Balance, Type, Status, AadharNumber, BranchNumber) values ('Oh-6465-ua8505', '37193579', 'Fixed Deposits', 'Running', '0950-1615-0660', 6);
insert into ACCOUNT (AccountNumber, Balance, Type, Status, AadharNumber, BranchNumber) values ('Ij-0929-cy7127', '208728474', 'Savings', 'Dormant', '0176-6933-7158', 7);
insert into ACCOUNT (AccountNumber, Balance, Type, Status, AadharNumber, BranchNumber) values ('Kf-8868-pp9949', '23401540', 'Checking', 'Active', '0798-5908-8363', 8);
insert into ACCOUNT (AccountNumber, Balance, Type, Status, AadharNumber, BranchNumber) values ('Df-3097-lw7634', '30970389', 'Fixed Deposits', 'Closed', '9232-1888-9502', 9);
insert into ACCOUNT (AccountNumber, Balance, Type, Status, AadharNumber, BranchNumber) values ('Aw-9060-ub5521', '53373058', 'Fixed Deposits', 'Closed', '6972-4161-4241', 10);
insert into ACCOUNT (AccountNumber, Balance, Type, Status, AadharNumber, BranchNumber) values ('Ev-9304-jw3695', '404337959', 'Checking', 'Dormant', '7004-5925-5651', 11);
insert into ACCOUNT (AccountNumber, Balance, Type, Status, AadharNumber, BranchNumber) values ('Dq-2352-bl3278', '490446439', 'Fixed Deposits', 'Closed', '6538-3226-5531', 12);
insert into ACCOUNT (AccountNumber, Balance, Type, Status, AadharNumber, BranchNumber) values ('Xi-5738-mg0248', '61285106', 'Fixed Deposits', 'Active', '3632-1550-3415', 13);
insert into ACCOUNT (AccountNumber, Balance, Type, Status, AadharNumber, BranchNumber) values ('Jq-9661-mc6377', '483070466', 'Fixed Deposits', 'Active', '5174-0230-5988', 14);
insert into ACCOUNT (AccountNumber, Balance, Type, Status, AadharNumber, BranchNumber) values ('Br-0894-lf8406', '7416969', 'Savings', 'Running', '2822-9145-5943', 15);
insert into ACCOUNT (AccountNumber, Balance, Type, Status, AadharNumber, BranchNumber) values ('Dk-1388-ml3317', '337887722', 'Savings', 'Active', '5391-1284-5131', 16);
insert into ACCOUNT (AccountNumber, Balance, Type, Status, AadharNumber, BranchNumber) values ('Gl-1470-ng1465', '438943860', 'Checking', 'Running', '3794-7767-7452', 17);
insert into ACCOUNT (AccountNumber, Balance, Type, Status, AadharNumber, BranchNumber) values ('Sq-9840-wh8998', '771467573', 'Fixed Deposits', 'Running', '0176-6933-7158', 18);
insert into ACCOUNT (AccountNumber, Balance, Type, Status, AadharNumber, BranchNumber) values ('By-8662-jz4680', '876389217', 'Savings', 'Active', '4421-6471-6019', 19);
insert into ACCOUNT (AccountNumber, Balance, Type, Status, AadharNumber, BranchNumber) values ('Yp-3492-qy6235', '3353134', 'Fixed Deposits', 'Closed', '8773-1461-1289', 20);
insert into ACCOUNT (AccountNumber, Balance, Type, Status, AadharNumber, BranchNumber) values ('Tn-2976-oj8262', '293534175', 'Fixed Deposits', 'Closed', '3156-4424-3556', 1);
insert into ACCOUNT (AccountNumber, Balance, Type, Status, AadharNumber, BranchNumber) values ('Lc-4272-xb3785', '288690731', 'Checking', 'Dormant', '6581-8521-4663', 2);
insert into ACCOUNT (AccountNumber, Balance, Type, Status, AadharNumber, BranchNumber) values ('Ax-9642-kr1162', '438561047', 'Fixed Deposits', 'Dormant', '3458-5062-8839', 3);
insert into ACCOUNT (AccountNumber, Balance, Type, Status, AadharNumber, BranchNumber) values ('Ja-4497-oa5710', '930272083', 'Fixed Deposits', 'Running', '0583-6576-2958', 4);
insert into ACCOUNT (AccountNumber, Balance, Type, Status, AadharNumber, BranchNumber) values ('Ly-4735-br8276', '43052749', 'Fixed Deposits', 'Closed', '0721-7044-9705', 5);
insert into ACCOUNT (AccountNumber, Balance, Type, Status, AadharNumber, BranchNumber) values ('Ps-8256-dy9689', '32345490', 'Savings', 'Active', '1387-2316-5812', 6);
insert into ACCOUNT (AccountNumber, Balance, Type, Status, AadharNumber, BranchNumber) values ('Ko-3405-ek6240', '45473935', 'Fixed Deposits', 'Running', '1239-9825-8586', 7);
insert into ACCOUNT (AccountNumber, Balance, Type, Status, AadharNumber, BranchNumber) values ('Ix-4229-nt2183', '18266761', 'Checking', 'Closed', '3700-4525-6311', 8);
insert into ACCOUNT (AccountNumber, Balance, Type, Status, AadharNumber, BranchNumber) values ('Mn-8450-mb2597', '239980823', 'Fixed Deposits', 'Closed', '8940-2861-3316', 9);
insert into ACCOUNT (AccountNumber, Balance, Type, Status, AadharNumber, BranchNumber) values ('Ez-0429-vq9291', '209921027', 'Fixed Deposits', 'Active', '2313-7088-9573', 10);
insert into ACCOUNT (AccountNumber, Balance, Type, Status, AadharNumber, BranchNumber) values ('Aq-4574-ma1114', '319965913', 'Checking', 'Active', '9810-3591-7194', 11);
insert into ACCOUNT (AccountNumber, Balance, Type, Status, AadharNumber, BranchNumber) values ('Dd-8902-fh3682', '470840213', 'Fixed Deposits', 'Closed', '9869-8649-1676', 12);
insert into ACCOUNT (AccountNumber, Balance, Type, Status, AadharNumber, BranchNumber) values ('Pu-1006-gg6700', '87094117', 'Fixed Deposits', 'Closed', '4892-5262-4965', 13);
insert into ACCOUNT (AccountNumber, Balance, Type, Status, AadharNumber, BranchNumber) values ('Ik-4296-mz8016', '491749360', 'Savings', 'Closed', '9314-0616-2902', 14);
insert into ACCOUNT (AccountNumber, Balance, Type, Status, AadharNumber, BranchNumber) values ('Ct-9928-fu5691', '43089161', 'Fixed Deposits', 'Running', '5270-0225-7750', 15);
insert into ACCOUNT (AccountNumber, Balance, Type, Status, AadharNumber, BranchNumber) values ('Du-4016-fb5689', '135006345', 'Checking', 'Running', '9094-1836-2834', 16);
insert into ACCOUNT (AccountNumber, Balance, Type, Status, AadharNumber, BranchNumber) values ('Sq-6074-bt9432', '499651364', 'Fixed Deposits', 'Dormant', '6594-2881-2558', 17);
insert into ACCOUNT (AccountNumber, Balance, Type, Status, AadharNumber, BranchNumber) values ('Un-9722-fe0086', '19425108', 'Fixed Deposits', 'Active', '2695-5945-7970', 18);
insert into ACCOUNT (AccountNumber, Balance, Type, Status, AadharNumber, BranchNumber) values ('To-6332-cj8324', '218289406', 'Fixed Deposits', 'Active', '1836-6075-2055', 19);
insert into ACCOUNT (AccountNumber, Balance, Type, Status, AadharNumber, BranchNumber) values ('Fo-4578-nh2207', '375549529', 'Checking', 'Closed', '1983-2713-2408', 20);
insert into ACCOUNT (AccountNumber, Balance, Type, Status, AadharNumber, BranchNumber) values ('Ea-6651-gl7276', '36756741', 'Savings', 'Closed', '3115-6511-4003', 1);
insert into ACCOUNT (AccountNumber, Balance, Type, Status, AadharNumber, BranchNumber) values ('Ut-8078-qm5901', '35313313', 'Checking', 'Active', '8559-4488-2669', 2);
insert into ACCOUNT (AccountNumber, Balance, Type, Status, AadharNumber, BranchNumber) values ('He-2088-oe4656', '280348179', 'Checking', 'Dormant', '5270-0225-7750', 3);
insert into ACCOUNT (AccountNumber, Balance, Type, Status, AadharNumber, BranchNumber) values ('Hc-6620-xf4331', '269936267', 'Savings', 'Active', '8436-9672-2132', 4);
insert into ACCOUNT (AccountNumber, Balance, Type, Status, AadharNumber, BranchNumber) values ('Cw-9943-pl2038', '262546258', 'Savings', 'Closed', '7701-8673-2639', 5);
insert into ACCOUNT (AccountNumber, Balance, Type, Status, AadharNumber, BranchNumber) values ('Dn-8398-ff0584', '450097105', 'Checking', 'Active', '1786-4372-5524', 6);
insert into ACCOUNT (AccountNumber, Balance, Type, Status, AadharNumber, BranchNumber) values ('Xj-9092-ix1356', '230911866', 'Fixed Deposits', 'Running', '8139-5007-6227', 7);
insert into ACCOUNT (AccountNumber, Balance, Type, Status, AadharNumber, BranchNumber) values ('La-6725-xc8316', '50111692', 'Savings', 'Closed', '7525-1086-3101', 8);
insert into ACCOUNT (AccountNumber, Balance, Type, Status, AadharNumber, BranchNumber) values ('Vu-1960-jj6900', '420242216', 'Checking', 'Closed', '9314-0616-2902', 9);
insert into ACCOUNT (AccountNumber, Balance, Type, Status, AadharNumber, BranchNumber) values ('Jk-6810-zn0501', '101450345', 'Checking', 'Running', '5817-2008-1394', 10);
insert into ACCOUNT (AccountNumber, Balance, Type, Status, AadharNumber, BranchNumber) values ('Bb-6276-po9394', '173726548', 'Checking', 'Active', '9232-1888-9502', 11);
insert into ACCOUNT (AccountNumber, Balance, Type, Status, AadharNumber, BranchNumber) values ('Dv-8282-iw0648', '551381032', 'Savings', 'Closed', '6270-1096-4714', 12);
insert into ACCOUNT (AccountNumber, Balance, Type, Status, AadharNumber, BranchNumber) values ('Jv-6064-wy9982', '416403205', 'Checking', 'Closed', '3458-5062-8839', 13);
insert into ACCOUNT (AccountNumber, Balance, Type, Status, AadharNumber, BranchNumber) values ('Tp-6798-jf4983', '363435570', 'Savings', 'Running', '9810-3591-7194', 14);
insert into ACCOUNT (AccountNumber, Balance, Type, Status, AadharNumber, BranchNumber) values ('Xt-7317-az7630', '799186771', 'Savings', 'Active', '3954-2559-8387', 15);
insert into ACCOUNT (AccountNumber, Balance, Type, Status, AadharNumber, BranchNumber) values ('Sx-3861-us2756', '42963653', 'Savings', 'Dormant', '9474-2470-1364', 16);
insert into ACCOUNT (AccountNumber, Balance, Type, Status, AadharNumber, BranchNumber) values ('Et-5451-zq0742', '435677601', 'Fixed Deposits', 'Closed', '5598-1054-3576', 17);
insert into ACCOUNT (AccountNumber, Balance, Type, Status, AadharNumber, BranchNumber) values ('Sm-7034-tj9360', '312117836', 'Savings', 'Dormant', '0182-7889-4226', 18);
insert into ACCOUNT (AccountNumber, Balance, Type, Status, AadharNumber, BranchNumber) values ('Yl-4949-ti9825', '376058752', 'Checking', 'Dormant', '7004-5925-5651', 19);
insert into ACCOUNT (AccountNumber, Balance, Type, Status, AadharNumber, BranchNumber) values ('Kx-3232-pe3543', '578329495', 'Savings', 'Closed', '1309-0464-0468', 20);
insert into ACCOUNT (AccountNumber, Balance, Type, Status, AadharNumber, BranchNumber) values ('Ex-3641-sw8480', '356796877', 'Fixed Deposits', 'Dormant', '1361-2909-1956', 1);
insert into ACCOUNT (AccountNumber, Balance, Type, Status, AadharNumber, BranchNumber) values ('Kw-7687-md8341', '444128134', 'Savings', 'Closed', '9114-6183-2516', 2);
insert into ACCOUNT (AccountNumber, Balance, Type, Status, AadharNumber, BranchNumber) values ('Rk-0819-ou7332', '81529858', 'Fixed Deposits', 'Active', '0522-1052-0575', 3);
insert into ACCOUNT (AccountNumber, Balance, Type, Status, AadharNumber, BranchNumber) values ('Sr-6906-dq7527', '602314685', 'Savings', 'Dormant', '3115-6511-4003', 4);
insert into ACCOUNT (AccountNumber, Balance, Type, Status, AadharNumber, BranchNumber) values ('Sn-4259-wz5460', '85420612', 'Fixed Deposits', 'Running', '3700-4525-6311', 5);
insert into ACCOUNT (AccountNumber, Balance, Type, Status, AadharNumber, BranchNumber) values ('Zn-4306-oc0942', '274169139', 'Savings', 'Active', '6357-0406-2227', 6);
insert into ACCOUNT (AccountNumber, Balance, Type, Status, AadharNumber, BranchNumber) values ('Vl-7112-gr2710', '333666131', 'Checking', 'Running', '3945-4356-3304', 7);
insert into ACCOUNT (AccountNumber, Balance, Type, Status, AadharNumber, BranchNumber) values ('Sq-9997-pq7381', '25777038', 'Savings', 'Closed', '6075-6187-8833', 8);
insert into ACCOUNT (AccountNumber, Balance, Type, Status, AadharNumber, BranchNumber) values ('Se-1473-ty5057', '845125473', 'Savings', 'Active', '6270-1096-4714', 9);
insert into ACCOUNT (AccountNumber, Balance, Type, Status, AadharNumber, BranchNumber) values ('Nu-0925-na8779', '943607149', 'Fixed Deposits', 'Active', '8104-4564-8357', 10);
insert into ACCOUNT (AccountNumber, Balance, Type, Status, AadharNumber, BranchNumber) values ('Es-5504-aw1761', '58249047', 'Savings', 'Closed', '5275-2233-4860', 11);
insert into ACCOUNT (AccountNumber, Balance, Type, Status, AadharNumber, BranchNumber) values ('Ut-3570-sg5401', '353047461', 'Fixed Deposits', 'Active', '3115-6511-4003', 12);
insert into ACCOUNT (AccountNumber, Balance, Type, Status, AadharNumber, BranchNumber) values ('Ee-3532-yz5926', '174760625', 'Fixed Deposits', 'Closed', '8820-0197-1466', 13);
insert into ACCOUNT (AccountNumber, Balance, Type, Status, AadharNumber, BranchNumber) values ('Fy-1024-zz1311', '244674330', 'Checking', 'Active', '1836-6075-2055', 14);
insert into ACCOUNT (AccountNumber, Balance, Type, Status, AadharNumber, BranchNumber) values ('Yb-4235-pl7470', '24346201', 'Checking', 'Dormant', '4885-3844-0043', 15);
insert into ACCOUNT (AccountNumber, Balance, Type, Status, AadharNumber, BranchNumber) values ('Pr-5920-pt1041', '464962878', 'Checking', 'Running', '7660-1647-2043', 16);
insert into ACCOUNT (AccountNumber, Balance, Type, Status, AadharNumber, BranchNumber) values ('Ok-5182-iq8883', '89297222', 'Savings', 'Running', '8884-6163-8428', 17);
insert into ACCOUNT (AccountNumber, Balance, Type, Status, AadharNumber, BranchNumber) values ('Vg-2900-th5284', '72202054', 'Fixed Deposits', 'Running', '5774-6941-3748', 18);
insert into ACCOUNT (AccountNumber, Balance, Type, Status, AadharNumber, BranchNumber) values ('Cd-1220-ok6226', '819099182', 'Checking', 'Closed', '0677-9067-0811', 19);
insert into ACCOUNT (AccountNumber, Balance, Type, Status, AadharNumber, BranchNumber) values ('Nf-1970-ul4330', '355635213', 'Savings', 'Running', '2458-0309-6222', 20);
ALTER TABLE ACCOUNT ADD PRIMARY KEY (AccountNumber);
ALTER TABLE ACCOUNT ADD CONSTRAINT FK_AadharNumber_Acc FOREIGN KEY (AadharNumber) REFERENCES CUSTOMER(AadharNumber);
ALTER TABLE ACCOUNT ADD CONSTRAINT FK_BranchNumber_Acc FOREIGN KEY (BranchNumber) REFERENCES BANKBRANCH(BranchNumber);

INSERT INTO Payments VALUES ("7956-7811-0133","Y2147","2000-07-09",73269,"Not Paid");
INSERT INTO Payments VALUES ("4741-3278-8495","W4691","2021-03-09",58932,"Fully Paid");
INSERT INTO Payments VALUES ("5295-1205-7954","T6393","2007-10-11",42573,"Not Paid");
INSERT INTO Payments VALUES ("5295-1205-7954","G9557","1997-01-06",23883,"Repayment Ongoing");
INSERT INTO Payments VALUES ("0842-5112-4819","N6899","1986-02-07",43627,"Fully Paid");
INSERT INTO Payments VALUES ("2788-4810-0143","J5681","2002-05-06",33820,"Fully Paid");
INSERT INTO Payments VALUES ("2788-4810-0143","L8081","2001-09-07",17890,"Not Paid");
INSERT INTO Payments VALUES ("2788-4810-0143","Z8774","2003-09-15",17472,"Repayment Ongoing");
INSERT INTO Payments VALUES ("4338-7553-8941","Z6310","2012-12-21",32383,"Fully Paid");
INSERT INTO Payments VALUES ("3909-8456-5240","Q5306","1979-03-02",37483,"Not Paid");
INSERT INTO Payments VALUES ("3909-8456-5240","G6039","1992-08-14",14246,"Fully Paid");
INSERT INTO Payments VALUES ("6699-7334-2929","Z0611","2000-06-10",87347,"Repayment Ongoing");
INSERT INTO Payments VALUES ("6699-7334-2929","Q8345","1996-05-08",87365,"Fully Paid");
INSERT INTO Payments VALUES ("6699-7334-2929","Z4324","2001-11-17",13266,"Not Paid");
INSERT INTO Payments VALUES ("3340-5080-0260","K2177","1993-07-29",42866,"Not Paid");
INSERT INTO Payments VALUES ("3340-5080-0260","M9298","1994-03-25",28483,"Not Paid");
INSERT INTO Payments VALUES ("3340-5080-0260","C2873","2000-03-05",46884,"Fully Paid");
INSERT INTO Payments VALUES ("3340-5080-0260","Q5627","2004-01-02",324732,"Not Paid");
INSERT INTO Payments VALUES ("3340-5080-0260","Z3848","2005-05-06",3286,"Fully Paid");
INSERT INTO Payments VALUES ("7956-7811-0133","Y2147","2000-07-09",73269,"Not Paid");

ALTER TABLE PAYMENTS ADD PRIMARY KEY (AadharNumber,LoanNumber,DATE);
ALTER TABLE PAYMENTS ADD CONSTRAINT FK_AadharNumber_pay FOREIGN KEY (AadharNumber) REFERENCES CUSTOMER(AadharNumber);
ALTER TABLE PAYMENTS ADD CONSTRAINT FK_LoanNumber_pay FOREIGN KEY (LoanNumber) REFERENCES LOAN(LoanNumber);

create user 'employee'@'localhost' identified by 'user_passwd';
GRANT select, insert, delete, update on CUSTOMER to 'employee'@'localhost';
GRANT select, insert, delete, update on LOAN to 'employee'@'localhost';
GRANT select, insert, delete, update on ACCOUNT to 'employee'@'localhost';
GRANT select, insert, delete, update on Payments to 'employee'@'localhost';

create user 'director'@'localhost' identified by 'user_passwd';
GRANT select, insert, delete, update on BANKBRANCH to 'director'@'localhost';
GRANT select, insert, delete, update on Department to 'director'@'localhost';
GRANT select, insert, delete, update on Manages to 'director'@'localhost';

create user 'departmentHead'@'localhost' identified by 'user_passwd';
GRANT select, insert, delete, update on EMPLOYEE to 'departmentHead'@'localhost';


create view high_amount as 
select B.BranchNumber, C.AadharNumber, C.Name, L.LoanNumber
from BANKBRANCH as B, CUSTOMER as C, LOAN as L
where L.AadharNumber = C.AadharNumber and L.BranchNumber = B.BranchNumber
and L.Amount > 10000000;

select * from high_amount;


create view check_managers as 
select E.EmployeeName, E.MobileNumber, M.BranchNumber
from EMPLOYEE as E, MANAGES as M, BANKBRANCH as B
where E.EmployeeID = M.EmployeeID and M.BranchNumber = B.BranchNumber
and B.BranchNumber in (9,10,11,12,13,14);

select* from check_managers;

DELIMITER //
create trigger student_discount before insert
on LOAN for each row
begin
if LOAN.Type = 'Educational' then set new.Interest = Interest - 2;
end if;
end //
-- insert into LOAN (LoanNumber, Amount, Interest, Type, AadharNumber, BranchNumber, Status) values ('X2098', '98939085', 7, 'Educational', '4597-3766-7385', '7', 'Grace');
-- insert into LOAN (LoanNumber, Amount, Interest, Type, AadharNumber, BranchNumber, Status) values ('X2098', '98939085', 7, 'Educational', '4597-3766-7385', '7', 'Grace')	Error Code: 1109. Unknown table 'LOAN' in field list

alter table Department
add index ref1(DepartmentNumber);

alter table ACCOUNT 
add index ref2(AccountNumber);

alter table BANKBRANCH
add index ref3(City);

alter table CUSTOMER
add index ref4(Name);

alter table Manages
add index ref5(EmployeeID);

alter table Payments
add index ref6(AadharNumber);

alter table LOAN
add index ref7(LoanNumber);

alter table Employee
add index ref8(EmployeeName);


DELIMITER //
create trigger student_discount BEFORE insert
on LOAN for each row begin
if (NEW.type='Educational') then 
	set New.Interest=New.Interest-2;
end if;
end// -- trigger-1
insert into LOAN (LoanNumber, Amount, Interest, Type, AadharNumber, BranchNumber, Status) values ('X2098', '98939085', 7, 'Educational', '4597-3766-7385', '7', 'Grace');
select * from Loan; -- testing the trigger-1
DELIMITER //
create trigger close_account BEFORE update
on ACCOUNT for each row begin
if (NEW.Status='Closed') then 
	set New.Balance=0;
end if;
end// -- trigger-2
select * from account where AccountNumber='Ib-8754-rg0353';
update account
set status='Closed'
where AccountNumber='Ib-8754-rg0353'; -- testing trigger-2

DELIMITER //
create trigger update_salary before update
on Employee for each row begin
if (NEW.DepartmentNumber <> OLD.DepartmentNumber) then 
	set NEW.salary = 1.05*Old.Salary; 
end if;
end// 
update employee set DepartmentNumber = '5' where employeeID='VY0495h';
select salary from employee where employeeID='VY0495h';

DELIMITER //
create trigger open_account before insert
on ACCOUNT for each row begin
if (NEW.balance<1000) then 
	SIGNAL SQLSTATE '45000'
    SET MESSAGE_TEXT = 'NOT ENOUGH BALANCE';
end if;
end// 
insert into ACCOUNT (AccountNumber, Balance, Type, Status, AadharNumber, BranchNumber) values ('Rk-5607-nk4027', '176', 'Savings', 'Closed', '3909-8456-5240', 5);



